Subkenmerk 1,Subkenmerk 2,Hoofdkenmerk 1,Hoofdkenmerk 2,Analist,Engineer,diff_cor,P_val
Competitie,Conformisme,Invloed,Structuur,0.13318167329304428,-0.18502701363167842,0.3182086869247227,0.3984486719418143
Competitie,Contactbehoefte,Invloed,Sociabiliteit,0.08956221510397983,-0.11952286093343936,0.2090850760374192,0.5778703672510934
Competitie,Dominantie,Invloed,Invloed,0.2089785019092862,0.6187714854940427,-0.40979298358475647,0.2785079850900305
Competitie,Energie,Invloed,Gedrevenheid,0.4089925906086189,0.45402980440266305,-0.04503721379404413,0.904376678490812
Competitie,Frustratietolerantie,Invloed,Stabiliteit,0.2647062562056961,-0.6319880021746503,0.8966942583803464,0.02152142803085577
Competitie,Hartelijkheid,Invloed,Sociabiliteit,0.3005113041957458,-0.5701889063680353,0.8707002105637811,0.02529570951707716
Competitie,Incasseringsvermogen,Invloed,Stabiliteit,0.12215999065981037,-0.3576348756645431,0.4797948663243535,0.2059585997702036
Competitie,Nauwkeurigheid,Invloed,Structuur,0.5317409351003541,-0.17743840798216653,0.7091793430825206,0.06515134393324962
Competitie,Onafhankelijkheid,Invloed,Gedrevenheid,0.10870421459483097,0.15398682993655988,-0.04528261534172891,0.903858274727551
Competitie,Ordelijkheid,Invloed,Structuur,0.2634932655208395,0.015721249524260225,0.24777201599657928,0.5099886710418944
Competitie,Originaliteit,Invloed,Gedrevenheid,0.18105170609447532,0.33612278224367753,-0.1550710761492022,0.6794872815434303
Competitie,Positivisme,Invloed,Stabiliteit,0.37786230183776776,-0.3086066999241838,0.6864690017619516,0.07378841070341746
Competitie,Regelmaat,Invloed,Structuur,0.020676697573831376,-0.23028309323591917,0.25095979080975056,0.5045955863209011
Competitie,Sociaal Ontspannen,Invloed,Sociabiliteit,0.2098443532134659,-2.4061770862384065e-17,0.20984435321346592,0.5764963952719904
Competitie,Status,Invloed,Invloed,0.473600416180898,0.5375786693015948,-0.06397825312069683,0.8645068610404445
Competitie,Variatiebehoefte,Invloed,Gedrevenheid,0.2397010395377224,0.3756241132126741,-0.13592307367495168,0.7171633514938649
Competitie,Vertrouwen,Invloed,Sociabiliteit,0.01243411828254983,-0.0229544133277338,0.03538853161028363,0.9247906764395777
Competitie,Volharding,Invloed,Gedrevenheid,0.3581715745056701,-0.031497039417435604,0.3896686139231057,0.30239374118664175
Competitie,Weloverwogen,Invloed,Structuur,0.20699797177276844,-0.6593641977598278,0.8663621695325963,0.025980910336172336
Competitie,Zelfonthulling,Invloed,Sociabiliteit,-0.27459810441807064,0.656511717428988,-0.9311098218470586,0.017312353880934994
Competitie,Zelfontwikkeling,Invloed,Gedrevenheid,0.3755338080994054,0.1372215512369386,0.2383122568624668,0.5261764439904129
Competitie,Zelfvertoon,Invloed,Invloed,0.24370871833797697,0.6799112396040882,-0.4362025212661112,0.24924169624245396
Competitie,Zelfvertrouwen,Invloed,Stabiliteit,0.08827348295047495,0.587431240128358,-0.4991577571778831,0.18866762793028902
Competitie,Zorgzaamheid,Invloed,Sociabiliteit,-0.03861723528904683,-0.15969004586013621,0.12107281057108939,0.7468923947949349
Conformisme,Contactbehoefte,Structuur,Sociabiliteit,0.25526017736752343,0.03440104580768905,0.2208591315598344,0.5567474522891303
Conformisme,Dominantie,Structuur,Invloed,0.009542436537103651,0.1846907839996249,-0.17514834746252125,0.6408629503660586
Conformisme,Energie,Structuur,Gedrevenheid,0.35138306687257714,0.2940272258293994,0.05735584104317776,0.8784113033221539
Conformisme,Frustratietolerantie,Structuur,Stabiliteit,0.6381985263777971,0.48737732496649416,0.1508212014113029,0.6877816842193436
Conformisme,Hartelijkheid,Structuur,Sociabiliteit,0.5054854169870202,0.369251226929166,0.1362341900578542,0.7165450939608642
Conformisme,Incasseringsvermogen,Structuur,Stabiliteit,0.5106444934249632,0.7746249613929709,-0.26398046796800767,0.4828970225786895
Conformisme,Nauwkeurigheid,Structuur,Structuur,0.39459106182660275,0.024191188539736574,0.3703998732868662,0.3265640858616856
Conformisme,Onafhankelijkheid,Structuur,Gedrevenheid,-0.6694354011188038,0.2757717413939298,-0.9452071425127336,0.015817122350604285
Conformisme,Ordelijkheid,Structuur,Structuur,0.3417004325827861,-0.004524886877828054,0.34622531946061413,0.3586966021156346
Conformisme,Originaliteit,Structuur,Gedrevenheid,0.027649308648522008,-0.05276879542846422,0.08041810407698623,0.8301878268976175
Conformisme,Positivisme,Structuur,Stabiliteit,0.7116979094247682,0.7549965058633568,-0.04329859643858858,0.9080506642229356
Conformisme,Regelmaat,Structuur,Structuur,-0.19364420497193438,0.25565155818784496,-0.44929576315977937,0.2355932291310312
Conformisme,Sociaal Ontspannen,Structuur,Sociabiliteit,0.11115089014901679,-0.09582170752354612,0.2069725976725629,0.5817015103295975
Conformisme,Status,Structuur,Invloed,0.218419353799703,0.21366894054933377,0.004750413250369234,0.9898888197814837
Conformisme,Variatiebehoefte,Structuur,Gedrevenheid,0.3801058731119256,0.20271010642104997,0.17739576669087564,0.6365994307659952
Conformisme,Vertrouwen,Structuur,Sociabiliteit,0.514683767769058,0.4112692307020689,0.10341453706698911,0.7827582268029185
Conformisme,Volharding,Structuur,Gedrevenheid,0.5979615332506438,0.5983211225424633,-0.000359589291819451,0.9992345985439159
Conformisme,Weloverwogen,Structuur,Structuur,0.29977384708873084,-0.05852968540405248,0.3583035324927833,0.34239064046218837
Conformisme,Zelfonthulling,Structuur,Sociabiliteit,0.243017185771006,-0.008654522314815536,0.25167170808582157,0.50339546697364
Conformisme,Zelfontwikkeling,Structuur,Gedrevenheid,0.5810743123847892,0.5170264925641883,0.06404781982060093,0.8643610227524685
Conformisme,Zelfvertoon,Structuur,Invloed,-0.07233393492970545,-0.48107596092596344,0.408742025996258,0.2797212442306469
Conformisme,Zelfvertrouwen,Structuur,Stabiliteit,0.2656948697685335,0.5121475197315839,-0.24645264996305039,0.5122299629716567
Conformisme,Zorgzaamheid,Structuur,Sociabiliteit,0.3320390533674711,0.6697313719566865,-0.33769231858921545,0.37051904783772205
Contactbehoefte,Dominantie,Sociabiliteit,Invloed,0.4558823529411764,-0.07669649888473706,0.5325788518259135,0.16148326237094857
Contactbehoefte,Energie,Sociabiliteit,Gedrevenheid,0.6984173839695067,0.387465959962769,0.3109514240067377,0.4091823031008375
Contactbehoefte,Frustratietolerantie,Sociabiliteit,Stabiliteit,0.36509825132802176,0.024217973984824136,0.34088027734319765,0.36607286180028287
Contactbehoefte,Hartelijkheid,Sociabiliteit,Sociabiliteit,0.7500162314825856,0.5649326828660322,0.1850835486165534,0.6221106432082175
Contactbehoefte,Incasseringsvermogen,Sociabiliteit,Stabiliteit,0.3102358467576124,-0.18257418583505536,0.49281003259266776,0.19420862853797183
Contactbehoefte,Nauwkeurigheid,Sociabiliteit,Structuur,0.1189310267901664,0.7032108464077431,-0.5842798196175767,0.1256284169664048
Contactbehoefte,Onafhankelijkheid,Sociabiliteit,Gedrevenheid,-0.2962925499493186,-0.6298581677452549,0.33356561779593635,0.37632627270999164
Contactbehoefte,Ordelijkheid,Sociabiliteit,Structuur,0.37331434582924444,0.39460023132349226,-0.021285885494247814,0.9547174826104772
Contactbehoefte,Originaliteit,Sociabiliteit,Gedrevenheid,-0.003963762451287461,4.175996475329381e-17,-0.003963762451287503,0.9915631220276773
Contactbehoefte,Positivisme,Sociabiliteit,Stabiliteit,0.4770494636469699,-0.051639777949432225,0.5286892415964021,0.16447892085141902
Contactbehoefte,Regelmaat,Sociabiliteit,Structuur,-0.3829627528325664,-0.2752409412815901,-0.10772181155097632,0.7739616822625566
Contactbehoefte,Sociaal Ontspannen,Sociabiliteit,Sociabiliteit,0.6969935537404635,0.8541985556144385,-0.15720500187397501,0.6753376925410683
Contactbehoefte,Status,Sociabiliteit,Invloed,0.4565855031244517,-0.642529405317179,1.0991149084416305,0.005661251957884472
Contactbehoefte,Variatiebehoefte,Sociabiliteit,Gedrevenheid,0.6271086921281467,0.6128258770283411,0.014282815099805557,0.9696060845916117
Contactbehoefte,Vertrouwen,Sociabiliteit,Sociabiliteit,0.39199676604002015,0.48972852162832575,-0.0977317555883056,0.7944082658284382
Contactbehoefte,Volharding,Sociabiliteit,Gedrevenheid,0.5130114748339736,0.12649110640673514,0.38652036842723847,0.3062556477829359
Contactbehoefte,Weloverwogen,Sociabiliteit,Structuur,0.17883194523074067,0.15467205622243646,0.02415988900830421,0.9486117853249594
Contactbehoefte,Zelfonthulling,Sociabiliteit,Sociabiliteit,0.3685967972443574,0.10063092108532554,0.2679658761590319,0.47636274217635544
Contactbehoefte,Zelfontwikkeling,Sociabiliteit,Gedrevenheid,0.3195195771482484,0.2504897164340599,0.06902986071418854,0.8539296285923852
Contactbehoefte,Zelfvertoon,Sociabiliteit,Invloed,0.5316456139417773,0.33183182419798407,0.19981378974379327,0.5947759822336036
Contactbehoefte,Zelfvertrouwen,Sociabiliteit,Stabiliteit,0.36235689728278025,-0.05725983343138681,0.41961673071416705,0.26734788456837966
Contactbehoefte,Zorgzaamheid,Sociabiliteit,Sociabiliteit,0.5288268409394594,0.34355900058832095,0.18526784035113847,0.6217651568874722
Dominantie,Energie,Invloed,Gedrevenheid,0.48107770853843645,0.5681245196471397,-0.08704681110870327,0.8164412226666764
Dominantie,Frustratietolerantie,Invloed,Stabiliteit,0.24588249579234117,-0.35291242479635454,0.5987949205886958,0.11681704595249554
Dominantie,Hartelijkheid,Invloed,Sociabiliteit,0.4761616206451941,-0.40439801622627053,0.8805596368714645,0.023798765999289317
Dominantie,Incasseringsvermogen,Invloed,Stabiliteit,0.5669827544190846,-0.2567180154051351,0.8237007698242198,0.03366534303863755
Dominantie,Nauwkeurigheid,Invloed,Structuur,0.025485220026464223,-0.3056249227510633,0.3311101427775275,0.37980939112841616
Dominantie,Onafhankelijkheid,Invloed,Gedrevenheid,0.26416444212348894,0.06587443126365884,0.1982900108598301,0.5975769386391989
Dominantie,Ordelijkheid,Invloed,Structuur,0.06675157177079202,0.040352608268825585,0.026398963501966438,0.9438571320068876
Dominantie,Originaliteit,Invloed,Gedrevenheid,0.24971703443110943,0.6176470588235293,-0.3679300243924199,0.32975460245810595
Dominantie,Positivisme,Invloed,Stabiliteit,0.2785086464066125,0.04950737714883371,0.22900126925777878,0.5423736196087412
Dominantie,Regelmaat,Invloed,Structuur,-0.277036885027814,-0.4855303805588614,0.2084934955310474,0.5789419933446678
Dominantie,Sociaal Ontspannen,Invloed,Sociabiliteit,0.5965792282015832,-2.79951199478266e-17,0.5965792282015832,0.11812837213059368
Dominantie,Status,Invloed,Invloed,0.3965961669475163,0.3942380465465582,0.002358120400958119,0.9949806718876075
Dominantie,Variatiebehoefte,Invloed,Gedrevenheid,0.45393223321409776,0.4971322991677537,-0.04320006595365594,0.9082589377431094
Dominantie,Vertrouwen,Invloed,Sociabiliteit,0.09799919151000505,0.08837756003033136,0.009621631479673695,0.9795222844425331
Dominantie,Volharding,Invloed,Gedrevenheid,0.3202928784677717,0.42443734381358267,-0.10414446534581095,0.7812654493250686
Dominantie,Weloverwogen,Invloed,Structuur,0.07529766114978555,-0.4270609867523071,0.5023586479020926,0.18592011192668378
Dominantie,Zelfonthulling,Invloed,Sociabiliteit,0.16231785566723989,0.5595578511923279,-0.39723999552508804,0.29324504447287225
Dominantie,Zelfontwikkeling,Invloed,Gedrevenheid,0.06726727939963126,0.43226289578526667,-0.3649956163856354,0.33357255511556705
Dominantie,Zelfvertoon,Invloed,Invloed,0.7717436331412896,0.19996695034266448,0.571776682798625,0.13364537405797772
Dominantie,Zelfvertrouwen,Invloed,Stabiliteit,0.6522424151090045,0.4830791626001647,0.1691632525088398,0.6522773384079055
Dominantie,Zorgzaamheid,Invloed,Sociabiliteit,0.23968410776392765,0.5050373063547176,-0.2653531985907899,0.480640634828005
Energie,Frustratietolerantie,Gedrevenheid,Stabiliteit,0.6442157937421678,-0.17939312793967982,0.8236089216818476,0.0336838780363109
Energie,Hartelijkheid,Gedrevenheid,Sociabiliteit,0.8537932431748061,0.19314016260090855,0.6606530805738975,0.08477589359071236
Energie,Incasseringsvermogen,Gedrevenheid,Stabiliteit,0.5156133204223831,0.0346770991073533,0.4809362213150298,0.20490707784034434
Energie,Nauwkeurigheid,Gedrevenheid,Structuur,0.46411002647743116,0.3739787960033828,0.09013123047404836,0.8100645305602585
Energie,Onafhankelijkheid,Gedrevenheid,Gedrevenheid,-0.12330023218854338,0.0326268181291185,-0.15592705031766188,0.6778215435807122
Energie,Ordelijkheid,Gedrevenheid,Structuur,0.671643709695646,0.22484434916365828,0.44679936053198777,0.23815198892123512
Energie,Originaliteit,Gedrevenheid,Gedrevenheid,0.2626264330450331,0.5244226335204367,-0.26179620047540364,0.4864997111729603
Energie,Positivisme,Gedrevenheid,Stabiliteit,0.6355719106076646,0.20597146021777488,0.4296004503898897,0.25633886473962164
Energie,Regelmaat,Gedrevenheid,Structuur,-0.32067488273770833,-0.37639939600492045,0.05572451326721212,0.8818426476362058
Energie,Sociaal Ontspannen,Gedrevenheid,Sociabiliteit,0.7974348654820818,0.5713725901821546,0.22606227529992717,0.5475396576009393
Energie,Status,Gedrevenheid,Invloed,0.3995734918108546,0.26848441188145167,0.13108907992940294,0.7267942157224072
Energie,Variatiebehoefte,Gedrevenheid,Gedrevenheid,0.7511732280167166,0.7521014330903548,-0.0009282050736382219,0.9980242769002161
Energie,Vertrouwen,Gedrevenheid,Sociabiliteit,0.22782870872446953,0.4760242924621229,-0.24819558373765338,0.5092702674238234
Energie,Volharding,Gedrevenheid,Gedrevenheid,0.774816877291387,0.7567874686642695,0.01802940862711755,0.9616390644470689
Energie,Weloverwogen,Gedrevenheid,Structuur,0.3787586639991141,-0.29965078371820864,0.6784094477173228,0.07708033183276397
Energie,Zelfonthulling,Gedrevenheid,Sociabiliteit,0.1257856209144223,0.7740871499169921,-0.6483015290025698,0.09050383020215258
Energie,Zelfontwikkeling,Gedrevenheid,Gedrevenheid,0.6255324015999244,0.6422839308458258,-0.016751529245901398,0.964356029288953
Energie,Zelfvertoon,Gedrevenheid,Invloed,0.47559242946233016,0.2971237183612932,0.17846871110103696,0.634568389592606
Energie,Zelfvertrouwen,Gedrevenheid,Stabiliteit,0.5271067269198234,0.7177899988406061,-0.19068327192078272,0.6116521354668079
Energie,Zorgzaamheid,Gedrevenheid,Sociabiliteit,0.526893281116408,0.29364136316206607,0.23325191795434191,0.534947174539472
Frustratietolerantie,Hartelijkheid,Stabiliteit,Sociabiliteit,0.6095968800811895,0.6886367591802657,-0.07903987909907617,0.8330529748238349
Frustratietolerantie,Incasseringsvermogen,Stabiliteit,Stabiliteit,0.6558460929332065,0.6411286480138036,0.014717444919402856,0.9686816787763155
Frustratietolerantie,Nauwkeurigheid,Stabiliteit,Structuur,0.4825456167681885,-0.17598020050287186,0.6585258172710604,0.08574000167516571
Frustratietolerantie,Onafhankelijkheid,Stabiliteit,Gedrevenheid,-0.13926947868722292,0.23574191659083724,-0.37501139527806016,0.32066323220432436
Frustratietolerantie,Ordelijkheid,Stabiliteit,Structuur,0.46013011415025495,-0.423667870722508,0.883797984872763,0.023324883723784717
Frustratietolerantie,Originaliteit,Stabiliteit,Gedrevenheid,0.480654922451795,-0.2971894103548248,0.7778443328066198,0.04413202561689111
Frustratietolerantie,Positivisme,Stabiliteit,Stabiliteit,0.6478071984383648,0.6565706694547585,-0.008763471016393742,0.9813483425149954
Frustratietolerantie,Regelmaat,Stabiliteit,Structuur,-0.2704098852712089,0.4066124552864796,-0.6770223405576885,0.07765932619175286
Frustratietolerantie,Sociaal Ontspannen,Stabiliteit,Sociabiliteit,0.43993313595033506,-0.06745747303612441,0.5073906089864595,0.18166348087815476
Frustratietolerantie,Status,Stabiliteit,Invloed,0.26961148925252704,-0.11929916323882908,0.38891065249135615,0.3033204148470532
Frustratietolerantie,Variatiebehoefte,Stabiliteit,Gedrevenheid,0.6616160894337836,-0.25687040446902815,0.9184864939028117,0.01875996123232948
Frustratietolerantie,Vertrouwen,Stabiliteit,Sociabiliteit,0.23585152459085038,0.589523326116229,-0.3536718015253787,0.34858421255002514
Frustratietolerantie,Volharding,Stabiliteit,Gedrevenheid,0.5537752480256042,0.11487593716012252,0.4388993108654817,0.24638430899063102
Frustratietolerantie,Weloverwogen,Stabiliteit,Structuur,0.6167718672126742,0.7004727969157798,-0.08370092970310561,0.8233728286801507
Frustratietolerantie,Zelfonthulling,Stabiliteit,Sociabiliteit,0.19589371850964998,-0.7189377235294248,0.9148314420390747,0.019199297228866152
Frustratietolerantie,Zelfontwikkeling,Stabiliteit,Gedrevenheid,0.6617609309146921,0.2578200210328065,0.40394090988188563,0.28531151246532405
Frustratietolerantie,Zelfvertoon,Stabiliteit,Invloed,0.09847835588179367,-0.3845940932472539,0.48307244912904757,0.2029499522355933
Frustratietolerantie,Zelfvertrouwen,Stabiliteit,Stabiliteit,0.48468886739673706,-0.027734343128333793,0.5124232105250709,0.17748224553447267
Frustratietolerantie,Zorgzaamheid,Stabiliteit,Sociabiliteit,0.39387688535773335,0.23574191659083715,0.1581349687668962,0.6735325080111139
Hartelijkheid,Incasseringsvermogen,Sociabiliteit,Stabiliteit,0.6007870417299755,0.36672755422534875,0.2340594875046268,0.5335423216215442
Hartelijkheid,Nauwkeurigheid,Sociabiliteit,Structuur,0.3743502149622251,0.38843863919091687,-0.014088424228691776,0.9700195446866009
Hartelijkheid,Onafhankelijkheid,Sociabiliteit,Gedrevenheid,-0.30962724869678027,0.0431306017611406,-0.35275785045792085,0.3498150850042667
Hartelijkheid,Ordelijkheid,Sociabiliteit,Structuur,0.5450032457946525,0.08421519210665189,0.46078805368800063,0.22407577577964388
Hartelijkheid,Originaliteit,Sociabiliteit,Gedrevenheid,0.06716375742825073,-0.10109950405656766,0.1682632614848184,0.6540012150493388
Hartelijkheid,Positivisme,Sociabiliteit,Stabiliteit,0.7688724852715801,0.5834599659915782,0.1854125192800019,0.6214939925278915
Hartelijkheid,Regelmaat,Sociabiliteit,Structuur,-0.30825577099044793,0.2695205125474866,-0.5777762835379345,0.1297482539774546
Hartelijkheid,Sociaal Ontspannen,Sociabiliteit,Sociabiliteit,0.8046532593468381,0.5245268279603851,0.280126431386453,0.45674087502249483
Hartelijkheid,Status,Sociabiliteit,Invloed,0.3371513124441954,-0.5081802050726102,0.8453315175168056,0.029545985621803217
Hartelijkheid,Variatiebehoefte,Sociabiliteit,Gedrevenheid,0.5947113949550916,0.13315591032282686,0.46155548463226476,0.22332190014749354
Hartelijkheid,Vertrouwen,Sociabiliteit,Sociabiliteit,0.4171906197951161,0.5370529629872759,-0.11986234319215977,0.7493338148605657
Hartelijkheid,Volharding,Sociabiliteit,Gedrevenheid,0.6971824677535843,0.3572948005052482,0.3398876672483361,0.3674534945248191
Hartelijkheid,Weloverwogen,Sociabiliteit,Structuur,0.20948807612951229,0.5067999381796515,-0.29731186205013926,0.4298359764908466
Hartelijkheid,Zelfonthulling,Sociabiliteit,Sociabiliteit,0.3835109307846252,-0.312673329254071,0.6961842600386963,0.06998049922225369
Hartelijkheid,Zelfontwikkeling,Sociabiliteit,Gedrevenheid,0.5106559988480012,0.40094451135042763,0.10971148749757353,0.7699083971640448
Hartelijkheid,Zelfvertoon,Sociabiliteit,Invloed,0.6128386345955843,-0.06248754756816554,0.6753261821637498,0.07837234614497968
Hartelijkheid,Zelfvertrouwen,Sociabiliteit,Stabiliteit,0.5495547350462293,0.06469590264171093,0.4848588324045184,0.20132428574591543
Hartelijkheid,Zorgzaamheid,Sociabiliteit,Sociabiliteit,0.6165691733270567,0.1509571061639922,0.4656120671630646,0.2193684394084241
Incasseringsvermogen,Nauwkeurigheid,Stabiliteit,Structuur,0.28426792336121803,0.1141227980029101,0.17014512535830795,0.6503988334262294
Incasseringsvermogen,Onafhankelijkheid,Stabiliteit,Gedrevenheid,-0.1252976279886324,0.31362502409359005,-0.4389226520822225,0.24635968286516974
Incasseringsvermogen,Ordelijkheid,Stabiliteit,Structuur,0.18254362344406458,-0.048029210642807414,0.23057283408687199,0.5396216418984556
Incasseringsvermogen,Originaliteit,Stabiliteit,Gedrevenheid,0.38133458259957836,-0.3267320196065356,0.708066602206114,0.065553313538806
Incasseringsvermogen,Positivisme,Stabiliteit,Stabiliteit,0.563170589102481,0.6285393610547089,-0.0653687719522279,0.8615927259244336
Incasseringsvermogen,Regelmaat,Stabiliteit,Structuur,-0.2437628292119802,0.3266372899592439,-0.5704001191712241,0.13455275461812422
Incasseringsvermogen,Sociaal Ontspannen,Stabiliteit,Sociabiliteit,0.5349571520156633,-0.3390317518104051,0.8739889038260684,0.024787184706696275
Incasseringsvermogen,Status,Stabiliteit,Invloed,0.38608584959705294,0.3779965787194579,0.008089270877595034,0.9827830281547387
Incasseringsvermogen,Variatiebehoefte,Stabiliteit,Gedrevenheid,0.5387431516616302,-0.1075828707279838,0.646326022389614,0.09144947697072481
Incasseringsvermogen,Vertrouwen,Stabiliteit,Sociabiliteit,0.20495722593845037,0.42076134643057356,-0.2158041204921232,0.5657679952649022
Incasseringsvermogen,Volharding,Stabiliteit,Gedrevenheid,0.5425076526934673,0.38490017945975047,0.15760747323371688,0.6745562039771174
Incasseringsvermogen,Weloverwogen,Stabiliteit,Structuur,0.38057388180323126,0.17884778999621992,0.20172609180701134,0.5912697461814507
Incasseringsvermogen,Zelfonthulling,Stabiliteit,Sociabiliteit,0.17158217306972068,-0.2449681131598002,0.41655028622952084,0.2707964741539972
Incasseringsvermogen,Zelfontwikkeling,Stabiliteit,Gedrevenheid,0.5627358662756942,0.39063566615793677,0.1721002001177574,0.6466653241092746
Incasseringsvermogen,Zelfvertoon,Stabiliteit,Invloed,0.4272912601629867,-0.6346887395316092,1.061979999694596,0.007301676450873762
Incasseringsvermogen,Zelfvertrouwen,Stabiliteit,Stabiliteit,0.7222540530701156,0.25264238051983645,0.46961167255027914,0.21552212051830777
Incasseringsvermogen,Zorgzaamheid,Stabiliteit,Sociabiliteit,0.28644545252665604,0.2700659929694802,0.016379459557175846,0.9651471884636353
Nauwkeurigheid,Onafhankelijkheid,Structuur,Gedrevenheid,0.04742927877293597,-0.5234545671218749,0.5708838458948109,0.13423333429512718
Nauwkeurigheid,Ordelijkheid,Structuur,Structuur,0.5841132872411456,0.6968010973504514,-0.11268781010930573,0.7638574282675434
Nauwkeurigheid,Originaliteit,Structuur,Gedrevenheid,0.16638681311240192,-0.05393380989724645,0.22032062300964836,0.5577049137417616
Nauwkeurigheid,Positivisme,Structuur,Stabiliteit,0.39345068652458187,-0.12104550653376046,0.5144961930583424,0.17578187030612868
Nauwkeurigheid,Regelmaat,Structuur,Structuur,-0.01412069194076018,-0.3354908531601309,0.32137016121937073,0.39382867822759504
Nauwkeurigheid,Sociaal Ontspannen,Structuur,Sociabiliteit,0.14615196962289204,0.5658595623783126,-0.4197075927554206,0.2672461824172898
Nauwkeurigheid,Status,Structuur,Invloed,0.21113111426069336,-0.32130392672352515,0.5324350409842185,0.16159324984588208
Nauwkeurigheid,Variatiebehoefte,Structuur,Gedrevenheid,0.22382234233089057,0.49724515809884684,-0.27342281576795624,0.46749844028526555
Nauwkeurigheid,Vertrouwen,Structuur,Sociabiliteit,-0.08491605257363483,0.20933048341828034,-0.2942465359919152,0.4345633273589826
Nauwkeurigheid,Volharding,Structuur,Gedrevenheid,0.6313744455549857,0.29649972666444047,0.3348747188905452,0.37447773993445876
Nauwkeurigheid,Weloverwogen,Structuur,Structuur,0.6427863764906155,-0.050757964866842614,0.6935443413574581,0.07099818452466433
Nauwkeurigheid,Zelfonthulling,Structuur,Sociabiliteit,-0.03711544788574502,0.3302355242256119,-0.3673509721113569,0.33050565600535275
Nauwkeurigheid,Zelfontwikkeling,Structuur,Gedrevenheid,0.4792480758733795,0.23486278068004104,0.24438529519333843,0.5157526763197728
Nauwkeurigheid,Zelfvertoon,Structuur,Invloed,-0.0033022909334191586,-0.03333539113704142,0.03003310020362226,0.9361446013857719
Nauwkeurigheid,Zelfvertrouwen,Structuur,Stabiliteit,0.301422085134903,-0.11408625180861375,0.41550833694351674,0.27197549167214197
Nauwkeurigheid,Zorgzaamheid,Structuur,Sociabiliteit,0.28424000750826217,0.08053147186490385,0.20370853564335833,0.587645414853021
Onafhankelijkheid,Ordelijkheid,Gedrevenheid,Structuur,-0.07081598355495658,-0.3916422209712112,0.3208262374162546,0.39462111540129463
Onafhankelijkheid,Originaliteit,Gedrevenheid,Gedrevenheid,0.32521897110140974,0.31839308444101766,0.006825886660392078,0.9854716396430481
Onafhankelijkheid,Positivisme,Gedrevenheid,Stabiliteit,-0.3976081755438888,0.6283380803113868,-1.0259462558552757,0.00931075468129361
Onafhankelijkheid,Regelmaat,Gedrevenheid,Structuur,0.23438433406618084,0.41764663695897225,-0.1832623028927914,0.6255295467844886
Onafhankelijkheid,Sociaal Ontspannen,Gedrevenheid,Sociabiliteit,-0.02724281034900055,-0.42531536532012143,0.3980725549711209,0.29225100414261407
Onafhankelijkheid,Status,Gedrevenheid,Invloed,-0.1707008007342934,0.40470239395552676,-0.5754031946898202,0.13127857035799173
Onafhankelijkheid,Variatiebehoefte,Gedrevenheid,Gedrevenheid,-0.1350306419486122,-0.20244408254472895,0.06741344059611676,0.857311261329532
Onafhankelijkheid,Vertrouwen,Gedrevenheid,Sociabiliteit,-0.5530915226046949,-0.15670402880167875,-0.3963874938030161,0.29426534850337704
Onafhankelijkheid,Volharding,Gedrevenheid,Gedrevenheid,-0.3274712788655157,0.2716072381275556,-0.5990785169930712,0.11665006862875105
Onafhankelijkheid,Weloverwogen,Gedrevenheid,Structuur,0.07539750789945494,-0.283407877625178,0.3588053855246329,0.34172399993891656
Onafhankelijkheid,Zelfonthulling,Gedrevenheid,Sociabiliteit,-0.27663460874468576,0.00720263722424096,-0.28383724596892673,0.4508489767261419
Onafhankelijkheid,Zelfontwikkeling,Gedrevenheid,Gedrevenheid,-0.41638549816516873,0.24203811553801172,-0.6584236137031805,0.08578655396334134
Onafhankelijkheid,Zelfvertoon,Gedrevenheid,Invloed,0.09991330730923521,-0.04071564638744957,0.14062895369668477,0.7078326245174584
Onafhankelijkheid,Zelfvertrouwen,Gedrevenheid,Stabiliteit,0.06333161758229845,0.5573770491803279,-0.4940454315980295,0.19312056451886006
Onafhankelijkheid,Zorgzaamheid,Gedrevenheid,Sociabiliteit,-0.33893491216519034,-0.31147540983606553,-0.027459502329124807,0.9416058060888763
Ordelijkheid,Originaliteit,Structuur,Gedrevenheid,0.03598388282992993,0.060528912403238384,-0.024545029573308452,0.9477938019207957
Ordelijkheid,Positivisme,Structuur,Stabiliteit,0.3467572511341899,-0.16980890270283108,0.516566153837021,0.17409666320371953
Ordelijkheid,Regelmaat,Structuur,Structuur,-0.10547658211740675,-0.38375582481791964,0.2782792427005129,0.45969054944960264
Ordelijkheid,Sociaal Ontspannen,Structuur,Sociabiliteit,0.44486825155479465,0.17097598793417051,0.27389226362062413,0.4667403503888081
Ordelijkheid,Status,Structuur,Invloed,0.25885119335306656,-0.17466244024620994,0.4335136335992765,0.2521147252385443
Ordelijkheid,Variatiebehoefte,Structuur,Gedrevenheid,0.332600509518283,0.3410299437436487,-0.008429434225365684,0.9820591591594621
Ordelijkheid,Vertrouwen,Structuur,Sociabiliteit,-0.22241440222902972,-0.1780903614167003,-0.044324040812329435,0.9058834769117614
Ordelijkheid,Volharding,Structuur,Gedrevenheid,0.6612113586228823,0.291161615782696,0.37004974284018627,0.3270151009085871
Ordelijkheid,Weloverwogen,Structuur,Structuur,0.5495973230552988,-0.24820342526959147,0.7978007483248903,0.03926705204561576
Ordelijkheid,Zelfonthulling,Structuur,Sociabiliteit,-0.026151074376363336,0.39047168326256115,-0.4166227576389245,0.27071460544507797
Ordelijkheid,Zelfontwikkeling,Structuur,Gedrevenheid,0.3505679441939712,0.3130037834886141,0.03756416070535712,0.920182605867591
Ordelijkheid,Zelfvertoon,Structuur,Invloed,0.09226078907278272,-0.056117534823866125,0.14837832389664884,0.6925673081730475
Ordelijkheid,Zelfvertrouwen,Structuur,Stabiliteit,0.2777845069049959,-0.17322636696803576,0.4510108738730316,0.2338470902072327
Ordelijkheid,Zorgzaamheid,Structuur,Sociabiliteit,0.42469134844067913,0.1355684611054192,0.2891228873352599,0.44253469923263555
Originaliteit,Positivisme,Gedrevenheid,Stabiliteit,-0.03195967073482554,0.2970442628930023,-0.3290039336278278,0.38281351463811997
Originaliteit,Regelmaat,Gedrevenheid,Structuur,-0.1218900326769325,-0.6227454881081048,0.5008554554311723,0.1872065208196685
Originaliteit,Sociaal Ontspannen,Gedrevenheid,Sociabiliteit,0.1504510055278153,0.1424218229739712,0.008029182553844078,0.9829108979101677
Originaliteit,Status,Gedrevenheid,Invloed,0.14193031610836168,0.016426585272773304,0.12550373083558838,0.7379783523989927
Originaliteit,Variatiebehoefte,Gedrevenheid,Gedrevenheid,0.5028414293045719,0.6327138353044138,-0.12987240599984196,0.7292254146401644
Originaliteit,Vertrouwen,Gedrevenheid,Sociabiliteit,-0.07263931141044667,-0.08837756003033133,0.015738248619884654,0.9665107261494716
Originaliteit,Volharding,Gedrevenheid,Gedrevenheid,0.08486718486061924,0.5457051563317491,-0.46083797147112987,0.22402668198801146
Originaliteit,Weloverwogen,Gedrevenheid,Structuur,0.36193496952018994,-0.5219634282528197,0.8838983977730097,0.023310327522541252
Originaliteit,Zelfonthulling,Gedrevenheid,Sociabiliteit,-0.37734789569057237,0.5016725562413974,-0.8790204519319698,0.024027045552893256
Originaliteit,Zelfontwikkeling,Gedrevenheid,Gedrevenheid,0.29916056127123175,0.5283213170708816,-0.22916075579964984,0.5420940087098911
Originaliteit,Zelfvertoon,Gedrevenheid,Invloed,-0.03235751144647169,0.16360932300763462,-0.19596683445410631,0.6018593302711888
Originaliteit,Zelfvertrouwen,Gedrevenheid,Stabiliteit,0.2969112462610471,0.34035122819557057,-0.043439981934523475,0.907751815415353
Originaliteit,Zorgzaamheid,Gedrevenheid,Sociabiliteit,-0.024610841494742637,0.1537070062818706,-0.17831784777661322,0.6348537947738611
Positivisme,Regelmaat,Stabiliteit,Structuur,-0.3873137039789803,0.21320071635561041,-0.6005144203345907,0.11580763340192402
Positivisme,Sociaal Ontspannen,Stabiliteit,Sociabiliteit,0.494532045384162,-0.09589266029707684,0.5904247056812388,0.12183420991542415
Positivisme,Status,Stabiliteit,Invloed,0.23184710757267307,1.2262492721286623e-17,0.23184710757267307,0.5373956265651403
Positivisme,Variatiebehoefte,Stabiliteit,Gedrevenheid,0.5815520855097728,0.18257418583505536,0.3989778996747174,0.29117274741659216
Positivisme,Vertrouwen,Stabiliteit,Sociabiliteit,0.5191192891173533,0.3347136014875207,0.18440568762983256,0.6233821573057168
Positivisme,Volharding,Stabiliteit,Gedrevenheid,0.6575881982510227,0.6123724356957945,0.04521576255522819,0.903999495097481
Positivisme,Weloverwogen,Stabiliteit,Structuur,0.19766771583721623,-9.743534400300176e-18,0.19766771583721623,0.5987226177112976
Positivisme,Zelfonthulling,Stabiliteit,Sociabiliteit,0.41659749134003504,-0.19487094073848926,0.6114684320785243,0.1095441741638612
Positivisme,Zelfontwikkeling,Stabiliteit,Gedrevenheid,0.5739069463252131,0.6467616667635545,-0.0728547204383414,0.8459390994089162
Positivisme,Zelfvertoon,Stabiliteit,Invloed,0.2765573557952625,-0.3671940368172627,0.6437513926125252,0.09269435236347956
Positivisme,Zelfvertrouwen,Stabiliteit,Stabiliteit,0.4810564161517404,0.44353276257274366,0.03752365357899673,0.9202683765355988
Positivisme,Zorgzaamheid,Stabiliteit,Sociabiliteit,0.4187578992049616,0.3696106354772864,0.049147263727675194,0.895700108674411
Regelmaat,Sociaal Ontspannen,Structuur,Sociabiliteit,-0.3591855644177372,-0.1533328790143649,-0.2058526854033723,0.5837375769081348
Regelmaat,Status,Structuur,Invloed,-0.19204476869464743,0.023580053109413378,-0.2156248218040608,0.5660892914501026
Regelmaat,Variatiebehoefte,Structuur,Gedrevenheid,-0.625872206987207,-0.6811865761413326,0.055314369154125576,0.8827057144465602
Regelmaat,Vertrouwen,Structuur,Sociabiliteit,-0.3665167751408759,-0.08721921952468484,-0.2792975556161911,0.458063085172729
Regelmaat,Volharding,Structuur,Gedrevenheid,-0.3128212169532062,-0.26111648393354675,-0.05170473301965944,0.8903076331634636
Regelmaat,Weloverwogen,Structuur,Structuur,-0.13298396302945475,0.2724613270055837,-0.40544529003503843,0.28355143096595103
Regelmaat,Zelfonthulling,Structuur,Sociabiliteit,-0.3381970824116494,-0.3877684921818178,0.049571409770168384,0.8948054327438504
Regelmaat,Zelfontwikkeling,Structuur,Gedrevenheid,-0.3307804364977583,-0.4050520238294318,0.0742715873316735,0.8429832659183214
Regelmaat,Zelfvertoon,Structuur,Invloed,-0.13303201468076237,-0.026095343896982957,-0.10693667078377941,0.7755629186494402
Regelmaat,Zelfvertrouwen,Structuur,Stabiliteit,-0.3051741273183575,0.17336275496410178,-0.4785368822824593,0.20712230906734286
Regelmaat,Zorgzaamheid,Structuur,Sociabiliteit,-0.36995031508828385,-0.33096525947692146,-0.038985055611362396,0.9171745933813211
Sociaal Ontspannen,Status,Sociabiliteit,Invloed,0.2791022112369209,-0.5170304325726521,0.796132643809573,0.039654687556482715
Sociaal Ontspannen,Variatiebehoefte,Sociabiliteit,Gedrevenheid,0.5738501115951726,0.5252257314388902,0.048624380156282454,0.8968032480429373
Sociaal Ontspannen,Vertrouwen,Sociabiliteit,Sociabiliteit,0.15252810214190723,0.4012072210531747,-0.24867911891126745,0.508450831672036
Sociaal Ontspannen,Volharding,Sociabiliteit,Gedrevenheid,0.49551274525286976,0.23488808780588136,0.2606246574469884,0.48843826845100624
Sociaal Ontspannen,Weloverwogen,Sociabiliteit,Structuur,0.25014188766894285,0.1436093989338266,0.10653248873511625,0.7763876072797875
Sociaal Ontspannen,Zelfonthulling,Sociabiliteit,Sociabiliteit,0.3660492284108999,0.3270171261351354,0.03903210227576448,0.917075017252869
Sociaal Ontspannen,Zelfontwikkeling,Sociabiliteit,Gedrevenheid,0.35123912157096837,0.11628693150774143,0.23495219006322693,0.5319916403331821
Sociaal Ontspannen,Zelfvertoon,Sociabiliteit,Invloed,0.730166785737388,0.48415417923991383,0.2460126064974742,0.5129786848492819
Sociaal Ontspannen,Zelfvertrouwen,Sociabiliteit,Stabiliteit,0.6083709680005959,0.15949326199504552,0.4488777060055503,0.2360203066958868
Sociaal Ontspannen,Zorgzaamheid,Sociabiliteit,Sociabiliteit,0.4576686697167734,0.10632884133003034,0.35133982838674305,0.35173051596007054
Status,Variatiebehoefte,Invloed,Gedrevenheid,0.42100634481459676,-0.10096375546923043,0.5219701002838272,0.16975657674892264
Status,Vertrouwen,Invloed,Sociabiliteit,0.08050835769913459,0.08020871931359254,0.0002996383855420476,0.9993622066256107
Status,Volharding,Invloed,Gedrevenheid,0.3986123451805639,0.20318563844357893,0.19542670673698495,0.6028570341939079
Status,Weloverwogen,Invloed,Structuur,0.2730309832422205,-0.2716423410970189,0.5446733243392394,0.15244289686663137
Status,Zelfonthulling,Invloed,Sociabiliteit,-0.051346438556897946,0.36639717999502025,-0.4177436185519182,0.26945065960961445
Status,Zelfontwikkeling,Invloed,Gedrevenheid,0.48782528312468826,0.1743592592499823,0.31346602387470596,0.40544296577918315
Status,Zelfvertoon,Invloed,Invloed,0.3070422193629064,-0.09137644485739091,0.39841866422029726,0.2918384610277198
Status,Zelfvertrouwen,Invloed,Stabiliteit,0.2069414734022577,0.5150757741252158,-0.3081343007229581,0.41339687635588884
Status,Zorgzaamheid,Invloed,Sociabiliteit,0.0025866067596574016,-0.08584596235420267,0.08843256911386006,0.8135747239111162
Variatiebehoefte,Vertrouwen,Gedrevenheid,Sociabiliteit,0.38905082472305225,0.40740042186335523,-0.018349597140302987,0.9609583668544253
Variatiebehoefte,Volharding,Gedrevenheid,Gedrevenheid,0.6252379775555502,0.5217491947499509,0.10348878280559937,0.7826063484378691
Variatiebehoefte,Weloverwogen,Gedrevenheid,Structuur,0.30956311518475416,-0.4739351925314577,0.7834983077162119,0.04270239662310482
Variatiebehoefte,Zelfonthulling,Gedrevenheid,Sociabiliteit,0.1423937391786021,0.5633247196804825,-0.4209309805018804,0.26587954624019794
Variatiebehoefte,Zelfontwikkeling,Gedrevenheid,Gedrevenheid,0.6931220002090002,0.6642111641550715,0.028910836053928635,0.9385256890282621
Variatiebehoefte,Zelfvertoon,Gedrevenheid,Invloed,0.2539758754652734,0.27933396798082955,-0.025358092515556152,0.9460671625184789
Variatiebehoefte,Zelfvertrouwen,Gedrevenheid,Stabiliteit,0.5068814841275138,0.404888165089458,0.10199331903805575,0.785667155935768
Variatiebehoefte,Zorgzaamheid,Gedrevenheid,Sociabiliteit,0.4419096754820092,0.472369525937701,-0.030459850455691773,0.9352393283904599
Vertrouwen,Volharding,Sociabiliteit,Gedrevenheid,0.22158112824152149,0.27329251120456616,-0.05171138296304467,0.8902936184156796
Vertrouwen,Weloverwogen,Sociabiliteit,Structuur,-0.3815614752022569,0.41438238359326596,-0.7959438587955229,0.03969877053060733
Vertrouwen,Zelfonthulling,Sociabiliteit,Sociabiliteit,0.47323380403505944,-0.12320458053303296,0.5964383845680924,0.1182121345453786
Vertrouwen,Zelfontwikkeling,Sociabiliteit,Gedrevenheid,0.3221907934413024,0.5502198139156904,-0.228029020474388,0.5440797838144049
Vertrouwen,Zelfvertoon,Sociabiliteit,Invloed,0.10000000000000003,0.11607679192407805,-0.016076791924078015,0.9657907994142181
Vertrouwen,Zelfvertrouwen,Sociabiliteit,Stabiliteit,0.07244179326244425,0.3216556380666037,-0.24921384480415942,0.507545485799004
Vertrouwen,Zorgzaamheid,Sociabiliteit,Sociabiliteit,0.08873565094161134,0.4206266036255587,-0.33189095268394736,0.37869956486397927
Volharding,Weloverwogen,Gedrevenheid,Structuur,0.47369383927459585,-0.1956463952178074,0.6693402344924033,0.08093330725085157
Volharding,Zelfonthulling,Gedrevenheid,Sociabiliteit,0.10361135069368557,0.5171122347142244,-0.41350088402053886,0.27425736365102416
Volharding,Zelfontwikkeling,Gedrevenheid,Gedrevenheid,0.6859782301680784,0.7426106572325057,-0.05663242706442739,0.8799326461646153
Volharding,Zelfvertoon,Gedrevenheid,Invloed,0.2943863560923071,-0.29981267559834457,0.5941990316906517,0.11955046928386581
Volharding,Zelfvertrouwen,Gedrevenheid,Stabiliteit,0.5511095437139799,0.5432144762551112,0.007895067458868699,0.9831963005045605
Volharding,Zorgzaamheid,Gedrevenheid,Sociabiliteit,0.4957669581973921,0.45267873021259264,0.04308822798479944,0.9084953485757323
Weloverwogen,Zelfonthulling,Structuur,Sociabiliteit,-0.10605265653327946,-0.6692860338044767,0.5632333772711973,0.13935744918981685
Weloverwogen,Zelfontwikkeling,Structuur,Gedrevenheid,0.42335533476112397,-0.16466097788958203,0.588016312650706,0.12330999385542141
Weloverwogen,Zelfvertoon,Structuur,Invloed,-0.0585409386611682,-0.21263260092765476,0.15409166226648657,0.6813952417698177
Weloverwogen,Zelfvertrouwen,Structuur,Stabiliteit,0.3803476985243968,-0.469394297316701,0.8497419958410979,0.02876380538275214
Weloverwogen,Zorgzaamheid,Structuur,Sociabiliteit,0.24187674266435116,0.02656948852736041,0.21530725413699076,0.5666585846213616
Zelfonthulling,Zelfontwikkeling,Sociabiliteit,Gedrevenheid,0.10054285005277133,0.2441929179693764,-0.14365006791660506,0.701866373573925
Zelfonthulling,Zelfvertoon,Sociabiliteit,Invloed,0.30760197262278854,0.3100736053486216,-0.0024716327258330617,0.9947390611642832
Zelfonthulling,Zelfvertrouwen,Sociabiliteit,Stabiliteit,0.35329408061607254,0.5690083407150361,-0.2157142600989636,0.5659290101136567
Zelfonthulling,Zorgzaamheid,Sociabiliteit,Sociabiliteit,0.32894289224756995,0.007202637224240963,0.321740255023329,0.39329006796964894
Zelfontwikkeling,Zelfvertoon,Gedrevenheid,Invloed,0.019611613513818422,-0.044528817614544546,0.06414043112836297,0.8641668816837826
Zelfontwikkeling,Zelfvertrouwen,Gedrevenheid,Stabiliteit,0.3149219334626031,0.4751118564264673,-0.1601899229638642,0.6695505510740574
Zelfontwikkeling,Zorgzaamheid,Gedrevenheid,Sociabiliteit,0.3524004814607057,0.46614748177691145,-0.11374700031620577,0.7617076645670404
Zelfvertoon,Zelfvertrouwen,Invloed,Stabiliteit,0.5070925528371099,0.31215328897044675,0.1949392638666631,0.6037580876426749
Zelfvertoon,Zorgzaamheid,Invloed,Sociabiliteit,0.3904368641430901,-0.38001269961619605,0.7704495637592861,0.046065400866824646
Zelfvertrouwen,Zorgzaamheid,Stabiliteit,Sociabiliteit,0.39747515857885896,0.10655737704918032,0.2909177815296786,0.4397323060554017
