,excluded_id,group1,group2,correlation_excluded,correlation_all,correlation_difference,stdev,threshold
9,3e44802d-3364-5f3a-af67-a038e335a656,Competitie,Conformisme,0.34526120258906157,0.13318167329304428,-0.21207952929601728,0.05287964206541225,0.1057592841308245
39,7080eb17-4d6c-516c-9cb2-70c2cfb220e8,Competitie,Contactbehoefte,0.22242043780626783,0.08956221510397983,-0.132858222702288,0.04367957960781374,0.08735915921562748
55,376aa464-a5f7-5aed-acd9-7dceb37ded9d,Competitie,Dominantie,0.09477585563160541,0.2089785019092862,0.1142026462776808,0.043054058318005115,0.08610811663601023
64,7080eb17-4d6c-516c-9cb2-70c2cfb220e8,Competitie,Dominantie,0.32607145567839946,0.2089785019092862,-0.11709295376911324,0.043054058318005115,0.08610811663601023
84,3e44802d-3364-5f3a-af67-a038e335a656,Competitie,Energie,0.5883339743225471,0.4089925906086189,-0.17934138371392816,0.0496000403126342,0.0992000806252684
109,3e44802d-3364-5f3a-af67-a038e335a656,Competitie,Frustratietolerantie,0.44514332631481696,0.2647062562056961,-0.18043707010912086,0.0454557832910961,0.0909115665821922
134,3e44802d-3364-5f3a-af67-a038e335a656,Competitie,Hartelijkheid,0.4822382070311693,0.3005113041957458,-0.18172690283542353,0.04848752257103118,0.09697504514206236
155,376aa464-a5f7-5aed-acd9-7dceb37ded9d,Competitie,Incasseringsvermogen,-0.006786734917722086,0.12215999065981037,0.12894672557753245,0.04455395036873244,0.08910790073746488
159,3e44802d-3364-5f3a-af67-a038e335a656,Competitie,Incasseringsvermogen,0.2556116423305628,0.12215999065981037,-0.13345165167075246,0.04455395036873244,0.08910790073746488
184,3e44802d-3364-5f3a-af67-a038e335a656,Competitie,Nauwkeurigheid,0.636427179549019,0.5317409351003541,-0.10468624444866481,0.039336843575297854,0.07867368715059571
198,230154a9-def4-5404-a86e-ec8626ee4c95,Competitie,Nauwkeurigheid,0.42764947718827256,0.5317409351003541,0.10409145791208158,0.039336843575297854,0.07867368715059571
209,3e44802d-3364-5f3a-af67-a038e335a656,Competitie,Onafhankelijkheid,0.0300511304195746,0.10870421459483097,0.07865308417525638,0.036120433402219994,0.07224086680443999
224,de12a2c7-d545-55e2-bd43-69fab0a50149,Competitie,Onafhankelijkheid,0.022635010221689986,0.10870421459483097,0.08606920437314099,0.036120433402219994,0.07224086680443999
234,3e44802d-3364-5f3a-af67-a038e335a656,Competitie,Ordelijkheid,0.5358834499310282,0.2634932655208395,-0.2723901844101887,0.06594358094335764,0.1318871618867153
273,230154a9-def4-5404-a86e-ec8626ee4c95,Competitie,Originaliteit,0.27712817319089655,0.18105170609447532,-0.09607646709642123,0.042009048201790834,0.08401809640358167
274,de12a2c7-d545-55e2-bd43-69fab0a50149,Competitie,Originaliteit,0.04121856639928089,0.18105170609447532,0.13983313969519442,0.042009048201790834,0.08401809640358167
284,3e44802d-3364-5f3a-af67-a038e335a656,Competitie,Positivisme,0.5065017601232379,0.37786230183776776,-0.12863945828547013,0.03578527271268053,0.07157054542536107
314,7080eb17-4d6c-516c-9cb2-70c2cfb220e8,Competitie,Regelmaat,-0.08925126200637168,0.020676697573831376,0.10992795958020306,0.04888465676403752,0.09776931352807504
323,230154a9-def4-5404-a86e-ec8626ee4c95,Competitie,Regelmaat,0.15959231693863415,0.020676697573831376,-0.1389156193648028,0.04888465676403752,0.09776931352807504
333,283ab77f-98df-5946-aacd-c3bf20cc1bc4,Competitie,Sociaal Ontspannen,0.11028632180048584,0.2098443532134659,0.09955803141298006,0.045554951843555604,0.09110990368711121
334,3e44802d-3364-5f3a-af67-a038e335a656,Competitie,Sociaal Ontspannen,0.3185273797238241,0.2098443532134659,-0.10868302651035822,0.045554951843555604,0.09110990368711121
347,0b8c4ad8-0c0a-58a8-9c41-6afa58400dc3,Competitie,Sociaal Ontspannen,0.30298123157016127,0.2098443532134659,-0.09313687835669537,0.045554951843555604,0.09110990368711121
362,5e3ed26e-b8d0-53f5-be5a-38296109877d,Competitie,Status,0.5825160554173135,0.473600416180898,-0.10891563923641556,0.04649818834438519,0.09299637668877038
373,230154a9-def4-5404-a86e-ec8626ee4c95,Competitie,Status,0.3369024147692942,0.473600416180898,0.13669800141160376,0.04649818834438519,0.09299637668877038
374,de12a2c7-d545-55e2-bd43-69fab0a50149,Competitie,Status,0.5768213741910428,0.473600416180898,-0.10322095801014486,0.04649818834438519,0.09299637668877038
384,3e44802d-3364-5f3a-af67-a038e335a656,Competitie,Variatiebehoefte,0.32152230485955213,0.2397010395377224,-0.08182126532182973,0.04045339262766456,0.08090678525532911
389,7080eb17-4d6c-516c-9cb2-70c2cfb220e8,Competitie,Variatiebehoefte,0.3249869003171982,0.2397010395377224,-0.08528586077947578,0.04045339262766456,0.08090678525532911
398,230154a9-def4-5404-a86e-ec8626ee4c95,Competitie,Variatiebehoefte,0.13278725466691005,0.2397010395377224,0.10691378487081235,0.04045339262766456,0.08090678525532911
416,61369f33-c11d-5d29-80ed-d751b8246cd1,Competitie,Vertrouwen,0.1244976611902997,0.01243411828254983,-0.11206354290774988,0.04510147546166481,0.09020295092332963
423,230154a9-def4-5404-a86e-ec8626ee4c95,Competitie,Vertrouwen,-0.09513496879235306,0.01243411828254983,0.10756908707490288,0.04510147546166481,0.09020295092332963
434,3e44802d-3364-5f3a-af67-a038e335a656,Competitie,Volharding,0.5541285444784699,0.3581715745056701,-0.19595696997279982,0.05276650516531721,0.10553301033063442
448,230154a9-def4-5404-a86e-ec8626ee4c95,Competitie,Volharding,0.2338055997658147,0.3581715745056701,0.12436597473985542,0.05276650516531721,0.10553301033063442
459,3e44802d-3364-5f3a-af67-a038e335a656,Competitie,Weloverwogen,0.3014365285798279,0.20699797177276844,-0.09443855680705945,0.046370316856118254,0.09274063371223651
474,de12a2c7-d545-55e2-bd43-69fab0a50149,Competitie,Weloverwogen,0.10176282527194415,0.20699797177276844,0.10523514650082429,0.046370316856118254,0.09274063371223651
492,c22e1828-5784-556c-a41b-541e88bbe819,Competitie,Zelfonthulling,-0.402744752258122,-0.27459810441807064,0.12814664784005136,0.03743700780112623,0.07487401560225246
494,c6323f05-ac11-5726-b4a1-474fa2d166a8,Competitie,Zelfonthulling,-0.3516634678363887,-0.27459810441807064,0.07706536341831804,0.03743700780112623,0.07487401560225246
523,230154a9-def4-5404-a86e-ec8626ee4c95,Competitie,Zelfontwikkeling,0.23710909914093065,0.3755338080994054,0.13842470895847475,0.04133757063271615,0.0826751412654323
533,283ab77f-98df-5946-aacd-c3bf20cc1bc4,Competitie,Zelfvertoon,0.13084433518346672,0.24370871833797697,0.11286438315451025,0.0469447125737879,0.0938894251475758
548,230154a9-def4-5404-a86e-ec8626ee4c95,Competitie,Zelfvertoon,0.3884297643146272,0.24370871833797697,-0.14472104597665025,0.0469447125737879,0.0938894251475758
559,3e44802d-3364-5f3a-af67-a038e335a656,Competitie,Zelfvertrouwen,0.2365689474849831,0.08827348295047495,-0.14829546453450815,0.044974895504255485,0.08994979100851097
584,3e44802d-3364-5f3a-af67-a038e335a656,Competitie,Zorgzaamheid,0.10249622080229069,-0.03861723528904683,-0.14111345609133752,0.04663797085585182,0.09327594171170364
603,eb695653-6a34-557a-aa9b-90a16a666a9b,Conformisme,Contactbehoefte,0.10107842189513391,0.25526017736752343,0.15418175547238952,0.047048231199705505,0.09409646239941101
608,283ab77f-98df-5946-aacd-c3bf20cc1bc4,Conformisme,Contactbehoefte,0.3714346998020959,0.25526017736752343,-0.11617452243457249,0.047048231199705505,0.09409646239941101
630,376aa464-a5f7-5aed-acd9-7dceb37ded9d,Conformisme,Dominantie,-0.10300302058847634,0.009542436537103651,0.11254545712557999,0.043605805760077145,0.08721161152015429
633,283ab77f-98df-5946-aacd-c3bf20cc1bc4,Conformisme,Dominantie,0.12050556715793623,0.009542436537103651,-0.11096313062083257,0.043605805760077145,0.08721161152015429
653,eb695653-6a34-557a-aa9b-90a16a666a9b,Conformisme,Energie,0.22510310493422117,0.35138306687257714,0.12627996193835597,0.05081358188263098,0.10162716376526196
658,283ab77f-98df-5946-aacd-c3bf20cc1bc4,Conformisme,Energie,0.5290736390200431,0.35138306687257714,-0.17769057214746597,0.05081358188263098,0.10162716376526196
678,eb695653-6a34-557a-aa9b-90a16a666a9b,Conformisme,Frustratietolerantie,0.5720775535473553,0.6381985263777971,0.06612097283044172,0.028656740186383693,0.057313480372767386
695,54607c72-f7f0-5106-874f-ff352975ea48,Conformisme,Frustratietolerantie,0.708167689454317,0.6381985263777971,-0.0699691630765199,0.028656740186383693,0.057313480372767386
703,eb695653-6a34-557a-aa9b-90a16a666a9b,Conformisme,Hartelijkheid,0.4146636143525127,0.5054854169870202,0.09082180263450751,0.04356355770181043,0.08712711540362086
708,283ab77f-98df-5946-aacd-c3bf20cc1bc4,Conformisme,Hartelijkheid,0.6592700007238832,0.5054854169870202,-0.153784583736863,0.04356355770181043,0.08712711540362086
729,24e2d531-6fab-5f5b-9282-a488302c6547,Conformisme,Incasseringsvermogen,0.4151528454662732,0.5106444934249632,0.09549164795869003,0.03445958080945356,0.06891916161890713
753,eb695653-6a34-557a-aa9b-90a16a666a9b,Conformisme,Nauwkeurigheid,0.2659489427040308,0.39459106182660275,0.12864211912257195,0.03781399073698614,0.07562798147397227
779,24e2d531-6fab-5f5b-9282-a488302c6547,Conformisme,Onafhankelijkheid,-0.6108006421087135,-0.6694354011188038,-0.0586347590100903,0.02172369533278229,0.04344739066556458
803,eb695653-6a34-557a-aa9b-90a16a666a9b,Conformisme,Ordelijkheid,0.23354968324845693,0.3417004325827861,0.10815074933432917,0.04856039500147783,0.09712079000295566
808,283ab77f-98df-5946-aacd-c3bf20cc1bc4,Conformisme,Ordelijkheid,0.44842502760789005,0.3417004325827861,-0.10672459502510395,0.04856039500147783,0.09712079000295566
809,3e44802d-3364-5f3a-af67-a038e335a656,Conformisme,Ordelijkheid,0.18292727894037836,0.3417004325827861,0.15877315364240774,0.04856039500147783,0.09712079000295566
828,eb695653-6a34-557a-aa9b-90a16a666a9b,Conformisme,Originaliteit,-0.09074425108007848,0.027649308648522008,0.1183935597286005,0.03365486136363009,0.06730972272726019
842,c22e1828-5784-556c-a41b-541e88bbe819,Conformisme,Originaliteit,0.09671159559281414,0.027649308648522008,-0.06906228694429213,0.03365486136363009,0.06730972272726019
854,24e2d531-6fab-5f5b-9282-a488302c6547,Conformisme,Positivisme,0.6691858244715857,0.7116979094247682,0.04251208495318248,0.019078103930138788,0.038156207860277576
892,c22e1828-5784-556c-a41b-541e88bbe819,Conformisme,Regelmaat,-0.07358816435359249,-0.19364420497193438,-0.1200560406183419,0.044807613089712955,0.08961522617942591
908,283ab77f-98df-5946-aacd-c3bf20cc1bc4,Conformisme,Sociaal Ontspannen,0.2833793594154206,0.11115089014901679,-0.17222846926640378,0.04538260084882658,0.09076520169765316
933,283ab77f-98df-5946-aacd-c3bf20cc1bc4,Conformisme,Status,0.38620789851444254,0.218419353799703,-0.16778854471473953,0.04882137056130461,0.09764274112260922
953,eb695653-6a34-557a-aa9b-90a16a666a9b,Conformisme,Variatiebehoefte,0.2650523745553587,0.3801058731119256,0.11505349855656694,0.03793993999995929,0.07587987999991858
958,283ab77f-98df-5946-aacd-c3bf20cc1bc4,Conformisme,Variatiebehoefte,0.4890812132043304,0.3801058731119256,-0.10897534009240478,0.03793993999995929,0.07587987999991858
979,24e2d531-6fab-5f5b-9282-a488302c6547,Conformisme,Vertrouwen,0.4530515222556722,0.514683767769058,0.06163224551338581,0.02900940380241828,0.05801880760483656
992,c22e1828-5784-556c-a41b-541e88bbe819,Conformisme,Vertrouwen,0.4528238599483493,0.514683767769058,0.061859907820708715,0.02900940380241828,0.05801880760483656
1003,eb695653-6a34-557a-aa9b-90a16a666a9b,Conformisme,Volharding,0.512391895472064,0.5979615332506438,0.08556963777857984,0.030028817092634368,0.060057634185268736
1008,283ab77f-98df-5946-aacd-c3bf20cc1bc4,Conformisme,Volharding,0.6587591771325105,0.5979615332506438,-0.0607976438818667,0.030028817092634368,0.060057634185268736
1009,3e44802d-3364-5f3a-af67-a038e335a656,Conformisme,Volharding,0.5354608213966117,0.5979615332506438,0.06250071185403216,0.030028817092634368,0.060057634185268736
1028,eb695653-6a34-557a-aa9b-90a16a666a9b,Conformisme,Weloverwogen,0.19125921305936244,0.29977384708873084,0.1085146340293684,0.03828387668483856,0.07656775336967712
1067,c22e1828-5784-556c-a41b-541e88bbe819,Conformisme,Zelfonthulling,0.11476717210243592,0.243017185771006,0.12825001366857008,0.03309965360168108,0.06619930720336216
1078,eb695653-6a34-557a-aa9b-90a16a666a9b,Conformisme,Zelfontwikkeling,0.4890496800270429,0.5810743123847892,0.09202463235774633,0.03265318442663826,0.06530636885327652
1079,24e2d531-6fab-5f5b-9282-a488302c6547,Conformisme,Zelfontwikkeling,0.5058737474688006,0.5810743123847892,0.07520056491598859,0.03265318442663826,0.06530636885327652
1108,283ab77f-98df-5946-aacd-c3bf20cc1bc4,Conformisme,Zelfvertoon,0.10486120866546683,-0.07233393492970545,-0.1771951435951723,0.048304489369802965,0.09660897873960593
1111,980717fa-cb0e-5995-a07f-d7eabf81f302,Conformisme,Zelfvertoon,-0.17915069179971882,-0.07233393492970545,0.10681675687001337,0.048304489369802965,0.09660897873960593
1134,3e44802d-3364-5f3a-af67-a038e335a656,Conformisme,Zelfvertrouwen,0.15462214570287275,0.2656948697685335,0.11107272406566077,0.044520724539833516,0.08904144907966703
1135,645025be-9089-5afa-a2e1-5b77a6593f13,Conformisme,Zelfvertrouwen,0.39542642472826106,0.2656948697685335,-0.12973155495972755,0.044520724539833516,0.08904144907966703
1154,24e2d531-6fab-5f5b-9282-a488302c6547,Conformisme,Zorgzaamheid,0.43451988605903075,0.3320390533674711,-0.10248083269155966,0.047730970895414386,0.09546194179082877
1159,3e44802d-3364-5f3a-af67-a038e335a656,Conformisme,Zorgzaamheid,0.22264930152958176,0.3320390533674711,0.10938975183788932,0.047730970895414386,0.09546194179082877
1178,eb695653-6a34-557a-aa9b-90a16a666a9b,Contactbehoefte,Dominantie,0.5612619599948903,0.4558823529411764,-0.10537960705371385,0.038344941853137485,0.07668988370627497
1189,7080eb17-4d6c-516c-9cb2-70c2cfb220e8,Contactbehoefte,Dominantie,0.36436385689026457,0.4558823529411764,0.09151849605091184,0.038344941853137485,0.07668988370627497
1203,eb695653-6a34-557a-aa9b-90a16a666a9b,Contactbehoefte,Energie,0.6285320806524654,0.6984173839695067,0.06988530331704135,0.02479135579945519,0.04958271159891038
1216,61369f33-c11d-5d29-80ed-d751b8246cd1,Contactbehoefte,Energie,0.7550272936351446,0.6984173839695067,-0.05660990966563795,0.02479135579945519,0.04958271159891038
1228,eb695653-6a34-557a-aa9b-90a16a666a9b,Contactbehoefte,Frustratietolerantie,0.22716844980576847,0.36509825132802176,0.1379298015222533,0.03784597525386388,0.07569195050772776
1253,eb695653-6a34-557a-aa9b-90a16a666a9b,Contactbehoefte,Hartelijkheid,0.6962780534174018,0.7500162314825856,0.05373817806518377,0.01818756917176239,0.03637513834352478
1254,24e2d531-6fab-5f5b-9282-a488302c6547,Contactbehoefte,Hartelijkheid,0.7878022502155809,0.7500162314825856,-0.03778601873299536,0.01818756917176239,0.03637513834352478
1278,eb695653-6a34-557a-aa9b-90a16a666a9b,Contactbehoefte,Incasseringsvermogen,0.21417646843905971,0.3102358467576124,0.09605937831855269,0.033086391898642924,0.06617278379728585
1303,eb695653-6a34-557a-aa9b-90a16a666a9b,Contactbehoefte,Nauwkeurigheid,-0.10671832556940662,0.1189310267901664,0.225649352359573,0.05815326250297807,0.11630652500595615
1314,7080eb17-4d6c-516c-9cb2-70c2cfb220e8,Contactbehoefte,Nauwkeurigheid,0.23862064383403014,0.1189310267901664,-0.11968961704386374,0.05815326250297807,0.11630652500595615
1328,eb695653-6a34-557a-aa9b-90a16a666a9b,Contactbehoefte,Onafhankelijkheid,-0.220466441918725,-0.2962925499493186,-0.07582610803059359,0.03158048551827093,0.06316097103654186
1346,fe1661b9-4971-54a3-b310-1b7dadb63fcc,Contactbehoefte,Onafhankelijkheid,-0.36465525985638375,-0.2962925499493186,0.06836270990706517,0.03158048551827093,0.06316097103654186
1353,eb695653-6a34-557a-aa9b-90a16a666a9b,Contactbehoefte,Ordelijkheid,0.2522558770830439,0.37331434582924444,0.12105846874620052,0.05083556007261837,0.10167112014523674
1364,7080eb17-4d6c-516c-9cb2-70c2cfb220e8,Contactbehoefte,Ordelijkheid,0.5524683216096101,0.37331434582924444,-0.17915397578036568,0.05083556007261837,0.10167112014523674
1378,eb695653-6a34-557a-aa9b-90a16a666a9b,Contactbehoefte,Originaliteit,-0.14990135479061806,-0.003963762451287461,0.1459375923393306,0.04684276429780625,0.0936855285956125
1397,0b8c4ad8-0c0a-58a8-9c41-6afa58400dc3,Contactbehoefte,Originaliteit,0.15081991356510246,-0.003963762451287461,-0.15478367601638993,0.04684276429780625,0.0936855285956125
1439,7080eb17-4d6c-516c-9cb2-70c2cfb220e8,Contactbehoefte,Regelmaat,-0.2590235189306047,-0.3829627528325664,-0.12393923390196171,0.03872257130458016,0.07744514260916031
1458,283ab77f-98df-5946-aacd-c3bf20cc1bc4,Contactbehoefte,Sociaal Ontspannen,0.6608279264582397,0.6969935537404635,0.03616562728222372,0.018061571427343694,0.03612314285468739
1462,5e3ed26e-b8d0-53f5-be5a-38296109877d,Contactbehoefte,Sociaal Ontspannen,0.7437272313419944,0.6969935537404635,-0.04673367760153091,0.018061571427343694,0.03612314285468739
1472,0b8c4ad8-0c0a-58a8-9c41-6afa58400dc3,Contactbehoefte,Sociaal Ontspannen,0.6608279264582398,0.6969935537404635,0.03616562728222361,0.018061571427343694,0.03612314285468739
1478,eb695653-6a34-557a-aa9b-90a16a666a9b,Contactbehoefte,Status,0.3836533914432731,0.4565855031244517,0.07293211168117858,0.0316883577729006,0.0633767155458012
1483,283ab77f-98df-5946-aacd-c3bf20cc1bc4,Contactbehoefte,Status,0.38364708423849025,0.4565855031244517,0.07293841888596142,0.0316883577729006,0.0633767155458012
1497,0b8c4ad8-0c0a-58a8-9c41-6afa58400dc3,Contactbehoefte,Status,0.529201224784732,0.4565855031244517,-0.0726157216602803,0.0316883577729006,0.0633767155458012
1503,eb695653-6a34-557a-aa9b-90a16a666a9b,Contactbehoefte,Variatiebehoefte,0.5452986300198901,0.6271086921281467,0.08181006210825659,0.027585210216610527,0.055170420433221054
1539,7080eb17-4d6c-516c-9cb2-70c2cfb220e8,Contactbehoefte,Vertrouwen,0.31146803645223403,0.39199676604002015,0.08052872958778612,0.03579926214542344,0.07159852429084688
1553,eb695653-6a34-557a-aa9b-90a16a666a9b,Contactbehoefte,Volharding,0.38551764319030746,0.5130114748339736,0.12749383164366612,0.0329360781584741,0.0658721563169482
1578,eb695653-6a34-557a-aa9b-90a16a666a9b,Contactbehoefte,Weloverwogen,0.028042282248580356,0.17883194523074067,0.15078966298216032,0.04290084018539688,0.08580168037079376
1614,7080eb17-4d6c-516c-9cb2-70c2cfb220e8,Contactbehoefte,Zelfonthulling,0.26821511667320685,0.3685967972443574,0.10038168057115054,0.04067393152500064,0.08134786305000127
1617,c22e1828-5784-556c-a41b-541e88bbe819,Contactbehoefte,Zelfonthulling,0.46366767731610864,0.3685967972443574,-0.09507088007175124,0.04067393152500064,0.08134786305000127
1622,0b8c4ad8-0c0a-58a8-9c41-6afa58400dc3,Contactbehoefte,Zelfonthulling,0.27122782480347934,0.3685967972443574,0.09736897244087805,0.04067393152500064,0.08134786305000127
1628,eb695653-6a34-557a-aa9b-90a16a666a9b,Contactbehoefte,Zelfontwikkeling,0.13393006619211584,0.3195195771482484,0.18558951095613258,0.047225693416225435,0.09445138683245087
1658,283ab77f-98df-5946-aacd-c3bf20cc1bc4,Contactbehoefte,Zelfvertoon,0.4618141712954013,0.5316456139417773,0.06983144264637603,0.027688077734954023,0.055376155469908046
1685,645025be-9089-5afa-a2e1-5b77a6593f13,Contactbehoefte,Zelfvertrouwen,0.4386519218333726,0.36235689728278025,-0.07629502455059234,0.03286233868299397,0.06572467736598794
1695,54607c72-f7f0-5106-874f-ff352975ea48,Contactbehoefte,Zelfvertrouwen,0.4408477652924149,0.36235689728278025,-0.07849086800963462,0.03286233868299397,0.06572467736598794
1697,0b8c4ad8-0c0a-58a8-9c41-6afa58400dc3,Contactbehoefte,Zelfvertrouwen,0.2961074077666914,0.36235689728278025,0.06624948951608883,0.03286233868299397,0.06572467736598794
1703,eb695653-6a34-557a-aa9b-90a16a666a9b,Contactbehoefte,Zorgzaamheid,0.4623423337548834,0.5288268409394594,0.06648450718457605,0.02984571212618352,0.05969142425236704
1721,fe1661b9-4971-54a3-b310-1b7dadb63fcc,Contactbehoefte,Zorgzaamheid,0.6003762640488962,0.5288268409394594,-0.0715494231094368,0.02984571212618352,0.05969142425236704
1728,eb695653-6a34-557a-aa9b-90a16a666a9b,Dominantie,Energie,0.5801443087415945,0.48107770853843645,-0.09906660020315805,0.03189121995055171,0.06378243990110342
1733,283ab77f-98df-5946-aacd-c3bf20cc1bc4,Dominantie,Energie,0.39860895077493114,0.48107770853843645,0.08246875776350532,0.03189121995055171,0.06378243990110342
1754,24e2d531-6fab-5f5b-9282-a488302c6547,Dominantie,Frustratietolerantie,0.31597287317483175,0.24588249579234117,-0.07009037738249058,0.03456970701307322,0.06913941402614644
1755,376aa464-a5f7-5aed-acd9-7dceb37ded9d,Dominantie,Frustratietolerantie,0.17405537228388457,0.24588249579234117,0.0718271235084566,0.03456970701307322,0.06913941402614644
1778,eb695653-6a34-557a-aa9b-90a16a666a9b,Dominantie,Hartelijkheid,0.5666000836347869,0.4761616206451941,-0.0904384629895928,0.03282281375178074,0.06564562750356148
1783,283ab77f-98df-5946-aacd-c3bf20cc1bc4,Dominantie,Hartelijkheid,0.41005523729310767,0.4761616206451941,0.0661063833520864,0.03282281375178074,0.06564562750356148
1804,24e2d531-6fab-5f5b-9282-a488302c6547,Dominantie,Incasseringsvermogen,0.6870497540254408,0.5669827544190846,-0.12006699960635614,0.04527911852584547,0.09055823705169094
1805,376aa464-a5f7-5aed-acd9-7dceb37ded9d,Dominantie,Incasseringsvermogen,0.4113597409299884,0.5669827544190846,0.15562301348909624,0.04527911852584547,0.09055823705169094
1830,376aa464-a5f7-5aed-acd9-7dceb37ded9d,Dominantie,Nauwkeurigheid,-0.18713768043021775,0.025485220026464223,0.21262290045668197,0.05497807270431496,0.10995614540862993
1856,8783258b-64d3-5d41-92cf-08532d074f44,Dominantie,Onafhankelijkheid,0.35061703795077526,0.26416444212348894,-0.08645259582728632,0.03611273727399118,0.07222547454798237
1861,980717fa-cb0e-5995-a07f-d7eabf81f302,Dominantie,Onafhankelijkheid,0.37030166399854475,0.26416444212348894,-0.10613722187505581,0.03611273727399118,0.07222547454798237
1883,283ab77f-98df-5946-aacd-c3bf20cc1bc4,Dominantie,Ordelijkheid,-0.025006394497994393,0.06675157177079202,0.09175796626878642,0.04418416440419127,0.08836832880838254
1889,7080eb17-4d6c-516c-9cb2-70c2cfb220e8,Dominantie,Ordelijkheid,0.1741101145849733,0.06675157177079202,-0.10735854281418128,0.04418416440419127,0.08836832880838254
1901,a5bc65f4-cbe4-5303-9ac4-0a97089e3ec2,Dominantie,Originaliteit,0.3368835594300472,0.24971703443110943,-0.08716652499893779,0.027795752728731894,0.05559150545746379
1920,54607c72-f7f0-5106-874f-ff352975ea48,Dominantie,Originaliteit,0.18189158695231764,0.24971703443110943,0.0678254474787918,0.027795752728731894,0.05559150545746379
1929,24e2d531-6fab-5f5b-9282-a488302c6547,Dominantie,Positivisme,0.3507190960486604,0.2785086464066125,-0.07221044964204792,0.028410332753668926,0.05682066550733785
1931,8783258b-64d3-5d41-92cf-08532d074f44,Dominantie,Positivisme,0.19958147065058005,0.2785086464066125,0.07892717575603245,0.028410332753668926,0.05682066550733785
1957,6d5cecd8-e3c3-524b-88b3-ed62a8d52f88,Dominantie,Regelmaat,-0.36492335443265217,-0.277036885027814,0.08788646940483819,0.037591080555909144,0.07518216111181829
1964,7080eb17-4d6c-516c-9cb2-70c2cfb220e8,Dominantie,Regelmaat,-0.16173727322475231,-0.277036885027814,-0.11529961180306167,0.037591080555909144,0.07518216111181829
1983,283ab77f-98df-5946-aacd-c3bf20cc1bc4,Dominantie,Sociaal Ontspannen,0.5251674358284186,0.5965792282015832,0.07141179237316453,0.02964643180393759,0.05929286360787518
1997,0b8c4ad8-0c0a-58a8-9c41-6afa58400dc3,Dominantie,Sociaal Ontspannen,0.683793517440883,0.5965792282015832,-0.08721428923929986,0.02964643180393759,0.05929286360787518
2005,376aa464-a5f7-5aed-acd9-7dceb37ded9d,Dominantie,Status,0.3028146674959555,0.3965961669475163,0.09378149945156083,0.03739766948222286,0.07479533896444572
2008,283ab77f-98df-5946-aacd-c3bf20cc1bc4,Dominantie,Status,0.2961531073532937,0.3965961669475163,0.10044305959422262,0.03739766948222286,0.07479533896444572
2028,eb695653-6a34-557a-aa9b-90a16a666a9b,Dominantie,Variatiebehoefte,0.5434953992494088,0.45393223321409776,-0.08956316603531106,0.03397565640757842,0.06795131281515684
2055,376aa464-a5f7-5aed-acd9-7dceb37ded9d,Dominantie,Vertrouwen,0.231665054615542,0.09799919151000505,-0.13366586310553694,0.04729975920577555,0.0945995184115511
2061,980717fa-cb0e-5995-a07f-d7eabf81f302,Dominantie,Vertrouwen,-0.0022733085907267574,0.09799919151000505,0.10027250010073181,0.04729975920577555,0.0945995184115511
2064,7080eb17-4d6c-516c-9cb2-70c2cfb220e8,Dominantie,Vertrouwen,-0.0022733085907267712,0.09799919151000505,0.10027250010073183,0.04729975920577555,0.0945995184115511
2078,eb695653-6a34-557a-aa9b-90a16a666a9b,Dominantie,Volharding,0.4162063463863535,0.3202928784677717,-0.0959134679185818,0.034009464278948735,0.06801892855789747
2080,376aa464-a5f7-5aed-acd9-7dceb37ded9d,Dominantie,Volharding,0.23715055760654388,0.3202928784677717,0.08314232086122783,0.034009464278948735,0.06801892855789747
2105,376aa464-a5f7-5aed-acd9-7dceb37ded9d,Dominantie,Weloverwogen,-0.13224335577160715,0.07529766114978555,0.2075410169213927,0.05507882184297176,0.11015764368594352
2139,7080eb17-4d6c-516c-9cb2-70c2cfb220e8,Dominantie,Zelfonthulling,0.05410474445929695,0.16231785566723989,0.10821311120794294,0.03333222399578825,0.0666644479915765
2155,376aa464-a5f7-5aed-acd9-7dceb37ded9d,Dominantie,Zelfontwikkeling,-0.04267806335705832,0.06726727939963126,0.10994534275668957,0.03701870220966954,0.07403740441933908
2186,980717fa-cb0e-5995-a07f-d7eabf81f302,Dominantie,Zelfvertoon,0.7362209788663261,0.7717436331412896,0.03552265427496348,0.016586082575286373,0.033172165150572745
2194,c6323f05-ac11-5726-b4a1-474fa2d166a8,Dominantie,Zelfvertoon,0.8049555609717398,0.7717436331412896,-0.03321192783045024,0.016586082575286373,0.033172165150572745
2197,0b8c4ad8-0c0a-58a8-9c41-6afa58400dc3,Dominantie,Zelfvertoon,0.8060943106945053,0.7717436331412896,-0.03435067755321575,0.016586082575286373,0.033172165150572745
2211,980717fa-cb0e-5995-a07f-d7eabf81f302,Dominantie,Zelfvertrouwen,0.6096307776347213,0.6522424151090045,0.042611637474283204,0.020802875441821758,0.041605750883643516
2222,0b8c4ad8-0c0a-58a8-9c41-6afa58400dc3,Dominantie,Zelfvertrouwen,0.6962431722371781,0.6522424151090045,-0.04400075712817364,0.020802875441821758,0.041605750883643516
2243,6f169b8a-96c4-5c9c-8228-4bd081defe41,Dominantie,Zorgzaamheid,0.171893333679948,0.23968410776392765,0.06779077408397965,0.031517409116588554,0.06303481823317711
2253,eb695653-6a34-557a-aa9b-90a16a666a9b,Energie,Frustratietolerantie,0.5715866261819433,0.6442157937421678,0.07262916756022442,0.029631928457531084,0.05926385691506217
2258,283ab77f-98df-5946-aacd-c3bf20cc1bc4,Energie,Frustratietolerantie,0.7435114702165256,0.6442157937421678,-0.09929567647435789,0.029631928457531084,0.05926385691506217
2278,eb695653-6a34-557a-aa9b-90a16a666a9b,Energie,Hartelijkheid,0.8239835306227485,0.8537932431748061,0.029809712552057555,0.011004193533426219,0.022008387066852438
2303,eb695653-6a34-557a-aa9b-90a16a666a9b,Energie,Incasseringsvermogen,0.45529344716010206,0.5156133204223831,0.060319873262281,0.024454785040669974,0.04890957008133995
2328,eb695653-6a34-557a-aa9b-90a16a666a9b,Energie,Nauwkeurigheid,0.3356472240982295,0.46411002647743116,0.12846280237920166,0.04007301205583426,0.08014602411166852
2333,283ab77f-98df-5946-aacd-c3bf20cc1bc4,Energie,Nauwkeurigheid,0.5523712309224661,0.46411002647743116,-0.08826120444503494,0.04007301205583426,0.08014602411166852
2353,eb695653-6a34-557a-aa9b-90a16a666a9b,Energie,Onafhankelijkheid,-0.027343547969532898,-0.12330023218854338,-0.09595668421901049,0.03627422251764346,0.07254844503528692
2378,eb695653-6a34-557a-aa9b-90a16a666a9b,Energie,Ordelijkheid,0.6127954558540628,0.671643709695646,0.05884825384158321,0.027153078783612283,0.05430615756722457
2381,8783258b-64d3-5d41-92cf-08532d074f44,Energie,Ordelijkheid,0.7312638580931264,0.671643709695646,-0.05962014839748042,0.027153078783612283,0.05430615756722457
2403,eb695653-6a34-557a-aa9b-90a16a666a9b,Energie,Originaliteit,0.16556469219213985,0.2626264330450331,0.09706174085289324,0.039777376219846214,0.07955475243969243
2422,0b8c4ad8-0c0a-58a8-9c41-6afa58400dc3,Energie,Originaliteit,0.397631859877715,0.2626264330450331,-0.1350054268326819,0.039777376219846214,0.07955475243969243
2433,283ab77f-98df-5946-aacd-c3bf20cc1bc4,Energie,Positivisme,0.7012377316770771,0.6355719106076646,-0.06566582106941254,0.0216682513786972,0.0433365027573944
2458,283ab77f-98df-5946-aacd-c3bf20cc1bc4,Energie,Regelmaat,-0.25797365407326267,-0.32067488273770833,-0.06270122866444566,0.02599279678551535,0.0519855935710307
2483,283ab77f-98df-5946-aacd-c3bf20cc1bc4,Energie,Sociaal Ontspannen,0.7541988608102067,0.7974348654820818,0.04323600467187505,0.013476947635255183,0.026953895270510366
2508,283ab77f-98df-5946-aacd-c3bf20cc1bc4,Energie,Status,0.28053208120017153,0.3995734918108546,0.11904141061068307,0.05144912450560502,0.10289824901121004
2512,5e3ed26e-b8d0-53f5-be5a-38296109877d,Energie,Status,0.5518712662973827,0.3995734918108546,-0.1522977744865281,0.05144912450560502,0.10289824901121004
2528,eb695653-6a34-557a-aa9b-90a16a666a9b,Energie,Variatiebehoefte,0.6996202863874397,0.7511732280167166,0.05155294162927693,0.01608552563884373,0.03217105127768746
2566,61369f33-c11d-5d29-80ed-d751b8246cd1,Energie,Vertrouwen,0.40555817905732655,0.22782870872446953,-0.17772947033285702,0.047854370562640865,0.09570874112528173
2578,eb695653-6a34-557a-aa9b-90a16a666a9b,Energie,Volharding,0.7204819111200212,0.774816877291387,0.054334966171365795,0.018483284424431066,0.03696656884886213
2603,eb695653-6a34-557a-aa9b-90a16a666a9b,Energie,Weloverwogen,0.2722625615718118,0.3787586639991141,0.10649610242730234,0.046052185181480486,0.09210437036296097
2608,283ab77f-98df-5946-aacd-c3bf20cc1bc4,Energie,Weloverwogen,0.5194705538324504,0.3787586639991141,-0.14071188983333632,0.046052185181480486,0.09210437036296097
2641,61369f33-c11d-5d29-80ed-d751b8246cd1,Energie,Zelfonthulling,0.19993737367833023,0.1257856209144223,-0.07415175276390792,0.03304158334897936,0.06608316669795872
2646,fe1661b9-4971-54a3-b310-1b7dadb63fcc,Energie,Zelfonthulling,0.05342266384494122,0.1257856209144223,0.07236295706948108,0.03304158334897936,0.06608316669795872
2647,0b8c4ad8-0c0a-58a8-9c41-6afa58400dc3,Energie,Zelfonthulling,0.039908972401076964,0.1257856209144223,0.08587664851334534,0.03304158334897936,0.06608316669795872
2653,eb695653-6a34-557a-aa9b-90a16a666a9b,Energie,Zelfontwikkeling,0.5311195683565448,0.6255324015999244,0.09441283324337957,0.030780936806189763,0.061561873612379525
2671,fe1661b9-4971-54a3-b310-1b7dadb63fcc,Energie,Zelfontwikkeling,0.6916397537988234,0.6255324015999244,-0.06610735219889896,0.030780936806189763,0.061561873612379525
2683,283ab77f-98df-5946-aacd-c3bf20cc1bc4,Energie,Zelfvertoon,0.3350204255371079,0.47559242946233016,0.14057200392522223,0.03817905401387303,0.07635810802774606
2698,230154a9-def4-5404-a86e-ec8626ee4c95,Energie,Zelfvertoon,0.5600278179966832,0.47559242946233016,-0.08443538853435306,0.03817905401387303,0.07635810802774606
2710,645025be-9089-5afa-a2e1-5b77a6593f13,Energie,Zelfvertrouwen,0.6221358242094801,0.5271067269198234,-0.0950290972896567,0.02730959871802518,0.05461919743605036
2728,eb695653-6a34-557a-aa9b-90a16a666a9b,Energie,Zorgzaamheid,0.46237088675133714,0.526893281116408,0.06452239436507085,0.02818039096898417,0.05636078193796834
2748,230154a9-def4-5404-a86e-ec8626ee4c95,Energie,Zorgzaamheid,0.601253919863004,0.526893281116408,-0.07436063874659604,0.02818039096898417,0.05636078193796834
2753,eb695653-6a34-557a-aa9b-90a16a666a9b,Frustratietolerantie,Hartelijkheid,0.5343092375179036,0.6095968800811895,0.0752876425632859,0.031078263627198188,0.062156527254396375
2758,283ab77f-98df-5946-aacd-c3bf20cc1bc4,Frustratietolerantie,Hartelijkheid,0.6770100146960741,0.6095968800811895,-0.06741313461488463,0.031078263627198188,0.062156527254396375
2770,54607c72-f7f0-5106-874f-ff352975ea48,Frustratietolerantie,Hartelijkheid,0.6806517298926112,0.6095968800811895,-0.07105484981142174,0.031078263627198188,0.062156527254396375
2779,24e2d531-6fab-5f5b-9282-a488302c6547,Frustratietolerantie,Incasseringsvermogen,0.6062241715462845,0.6558460929332065,0.04962192138692201,0.02234872421189857,0.04469744842379714
2803,eb695653-6a34-557a-aa9b-90a16a666a9b,Frustratietolerantie,Nauwkeurigheid,0.36701263719668964,0.4825456167681885,0.11553297957149888,0.03638679958908318,0.07277359917816636
2807,6d5cecd8-e3c3-524b-88b3-ed62a8d52f88,Frustratietolerantie,Nauwkeurigheid,0.5610667742133557,0.4825456167681885,-0.07852115744516719,0.03638679958908318,0.07277359917816636
2829,24e2d531-6fab-5f5b-9282-a488302c6547,Frustratietolerantie,Onafhankelijkheid,-0.02073863086170343,-0.13926947868722292,-0.1185308478255195,0.055387526162535235,0.11077505232507047
2845,54607c72-f7f0-5106-874f-ff352975ea48,Frustratietolerantie,Onafhankelijkheid,-0.30561259359595144,-0.13926947868722292,0.16634311490872852,0.055387526162535235,0.11077505232507047
2853,eb695653-6a34-557a-aa9b-90a16a666a9b,Frustratietolerantie,Ordelijkheid,0.3674234614174766,0.46013011415025495,0.09270665273277834,0.039716084814062566,0.07943216962812513
2859,3e44802d-3364-5f3a-af67-a038e335a656,Frustratietolerantie,Ordelijkheid,0.36666109677043646,0.46013011415025495,0.0934690173798185,0.039716084814062566,0.07943216962812513
2870,54607c72-f7f0-5106-874f-ff352975ea48,Frustratietolerantie,Ordelijkheid,0.5497338561915607,0.46013011415025495,-0.08960374204130572,0.039716084814062566,0.07943216962812513
2895,54607c72-f7f0-5106-874f-ff352975ea48,Frustratietolerantie,Originaliteit,0.4054107166397878,0.480654922451795,0.07524420581200719,0.03112608590226267,0.06225217180452534
2897,0b8c4ad8-0c0a-58a8-9c41-6afa58400dc3,Frustratietolerantie,Originaliteit,0.545764879249834,0.480654922451795,-0.06510995679803899,0.03112608590226267,0.06225217180452534
2901,a5bc65f4-cbe4-5303-9ac4-0a97089e3ec2,Frustratietolerantie,Positivisme,0.7057636299776217,0.6478071984383648,-0.05795643153925689,0.02259843914476245,0.0451968782895249
2906,8783258b-64d3-5d41-92cf-08532d074f44,Frustratietolerantie,Positivisme,0.7029977641297176,0.6478071984383648,-0.05519056569135283,0.02259843914476245,0.0451968782895249
2927,061a8da0-102b-58ec-9536-67e4018e4894,Frustratietolerantie,Regelmaat,-0.2022139813874127,-0.2704098852712089,-0.0681959038837962,0.03203383387539194,0.06406766775078387
2958,283ab77f-98df-5946-aacd-c3bf20cc1bc4,Frustratietolerantie,Sociaal Ontspannen,0.5419490000232087,0.43993313595033506,-0.10201586407287361,0.030602410838868947,0.06120482167773789
2978,eb695653-6a34-557a-aa9b-90a16a666a9b,Frustratietolerantie,Status,0.1763672261435881,0.26961148925252704,0.09324426310893894,0.03480496205586872,0.06960992411173744
2984,3e44802d-3364-5f3a-af67-a038e335a656,Frustratietolerantie,Status,0.3403145232855615,0.26961148925252704,-0.07070303403303446,0.03480496205586872,0.06960992411173744
3003,eb695653-6a34-557a-aa9b-90a16a666a9b,Frustratietolerantie,Variatiebehoefte,0.5956913049903628,0.6616160894337836,0.06592478444342076,0.024876730554135078,0.049753461108270156
3041,61369f33-c11d-5d29-80ed-d751b8246cd1,Frustratietolerantie,Vertrouwen,0.4007976827818137,0.23585152459085038,-0.16494615819096334,0.04597151875902824,0.09194303751805648
3053,eb695653-6a34-557a-aa9b-90a16a666a9b,Frustratietolerantie,Volharding,0.4525483399593905,0.5537752480256042,0.1012269080662137,0.03657444156082163,0.07314888312164326
3070,54607c72-f7f0-5106-874f-ff352975ea48,Frustratietolerantie,Volharding,0.6347091928055997,0.5537752480256042,-0.08093394477999549,0.03657444156082163,0.07314888312164326
3078,eb695653-6a34-557a-aa9b-90a16a666a9b,Frustratietolerantie,Weloverwogen,0.5554920598635309,0.6167718672126742,0.06127980734914329,0.02418293954390376,0.04836587908780752
3116,61369f33-c11d-5d29-80ed-d751b8246cd1,Frustratietolerantie,Zelfonthulling,0.2683015997114803,0.19589371850964998,-0.07240788120183034,0.02917363968713766,0.05834727937427532
3119,c6323f05-ac11-5726-b4a1-474fa2d166a8,Frustratietolerantie,Zelfonthulling,0.1350937307913354,0.19589371850964998,0.060799987718314574,0.02917363968713766,0.05834727937427532
3128,eb695653-6a34-557a-aa9b-90a16a666a9b,Frustratietolerantie,Zelfontwikkeling,0.5836671670012329,0.6617609309146921,0.07809376391345924,0.02470771844229689,0.04941543688459378
3154,24e2d531-6fab-5f5b-9282-a488302c6547,Frustratietolerantie,Zelfvertoon,0.16746906781842777,0.09847835588179367,-0.0689907119366341,0.030858213019612064,0.06171642603922413
3158,283ab77f-98df-5946-aacd-c3bf20cc1bc4,Frustratietolerantie,Zelfvertoon,0.17604217518012266,0.09847835588179367,-0.07756381929832899,0.030858213019612064,0.06171642603922413
3185,645025be-9089-5afa-a2e1-5b77a6593f13,Frustratietolerantie,Zelfvertrouwen,0.5912868726310914,0.48468886739673706,-0.10659800523435431,0.03447957970807834,0.06895915941615668
3195,54607c72-f7f0-5106-874f-ff352975ea48,Frustratietolerantie,Zelfvertrouwen,0.4005306648463126,0.48468886739673706,0.08415820255042444,0.03447957970807834,0.06895915941615668
3202,061a8da0-102b-58ec-9536-67e4018e4894,Frustratietolerantie,Zorgzaamheid,0.47591483297783105,0.39387688535773335,-0.0820379476200977,0.040841354791258076,0.08168270958251615
3228,eb695653-6a34-557a-aa9b-90a16a666a9b,Hartelijkheid,Incasseringsvermogen,0.5543397409282648,0.6007870417299755,0.04644730080171078,0.02277404176104078,0.04554808352208156
3245,54607c72-f7f0-5106-874f-ff352975ea48,Hartelijkheid,Incasseringsvermogen,0.6549455359345628,0.6007870417299755,-0.05415849420458729,0.02277404176104078,0.04554808352208156
3253,eb695653-6a34-557a-aa9b-90a16a666a9b,Hartelijkheid,Nauwkeurigheid,0.23349372111181185,0.3743502149622251,0.14085649385041324,0.042611524371682606,0.08522304874336521
3299,de12a2c7-d545-55e2-bd43-69fab0a50149,Hartelijkheid,Onafhankelijkheid,-0.38089393402799443,-0.30962724869678027,0.07126668533121416,0.03454806085971542,0.06909612171943084
3303,eb695653-6a34-557a-aa9b-90a16a666a9b,Hartelijkheid,Ordelijkheid,0.4666985259815711,0.5450032457946525,0.07830471981308146,0.036531162227258544,0.07306232445451709
3309,3e44802d-3364-5f3a-af67-a038e335a656,Hartelijkheid,Ordelijkheid,0.47074091880238905,0.5450032457946525,0.07426232699226348,0.036531162227258544,0.07306232445451709
3314,7080eb17-4d6c-516c-9cb2-70c2cfb220e8,Hartelijkheid,Ordelijkheid,0.6402547893412824,0.5450032457946525,-0.0952515435466299,0.036531162227258544,0.07306232445451709
3328,eb695653-6a34-557a-aa9b-90a16a666a9b,Hartelijkheid,Originaliteit,-0.05203461754610113,0.06716375742825073,0.11919837497435186,0.054245171232528824,0.10849034246505765
3347,0b8c4ad8-0c0a-58a8-9c41-6afa58400dc3,Hartelijkheid,Originaliteit,0.2504628434372308,0.06716375742825073,-0.18329908600898007,0.054245171232528824,0.10849034246505765
3358,283ab77f-98df-5946-aacd-c3bf20cc1bc4,Hartelijkheid,Positivisme,0.8191876265852219,0.7688724852715801,-0.05031514131364179,0.015125293554573673,0.030250587109147346
3389,7080eb17-4d6c-516c-9cb2-70c2cfb220e8,Hartelijkheid,Regelmaat,-0.24660621418187803,-0.30825577099044793,-0.0616495568085699,0.028827534643339633,0.05765506928667927
3394,c6323f05-ac11-5726-b4a1-474fa2d166a8,Hartelijkheid,Regelmaat,-0.36890848686233957,-0.30825577099044793,0.06065271587189164,0.028827534643339633,0.05765506928667927
3404,24e2d531-6fab-5f5b-9282-a488302c6547,Hartelijkheid,Sociaal Ontspannen,0.8345154247311057,0.8046532593468381,-0.02986216538426767,0.013352986786069687,0.026705973572139375
3410,645025be-9089-5afa-a2e1-5b77a6593f13,Hartelijkheid,Sociaal Ontspannen,0.8345154247311056,0.8046532593468381,-0.02986216538426756,0.013352986786069687,0.026705973572139375
3433,283ab77f-98df-5946-aacd-c3bf20cc1bc4,Hartelijkheid,Status,0.2354819911813407,0.3371513124441954,0.10166932126285469,0.04720388363400315,0.0944077672680063
3437,5e3ed26e-b8d0-53f5-be5a-38296109877d,Hartelijkheid,Status,0.46866960543276365,0.3371513124441954,-0.13151829298856826,0.04720388363400315,0.0944077672680063
3451,a5bc65f4-cbe4-5303-9ac4-0a97089e3ec2,Hartelijkheid,Variatiebehoefte,0.6800452056591743,0.5947113949550916,-0.08533381070408264,0.030218739754954673,0.060437479509909346
3453,eb695653-6a34-557a-aa9b-90a16a666a9b,Hartelijkheid,Variatiebehoefte,0.5153942548622206,0.5947113949550916,0.07931714009287105,0.030218739754954673,0.060437479509909346
3491,61369f33-c11d-5d29-80ed-d751b8246cd1,Hartelijkheid,Vertrouwen,0.4944087174692546,0.4171906197951161,-0.07721809767413845,0.03518882412703447,0.07037764825406893
3503,eb695653-6a34-557a-aa9b-90a16a666a9b,Hartelijkheid,Volharding,0.6291037175145552,0.6971824677535843,0.0680787502390291,0.022289153072294288,0.044578306144588575
3528,eb695653-6a34-557a-aa9b-90a16a666a9b,Hartelijkheid,Weloverwogen,0.08052836328180349,0.20948807612951229,0.1289597128477088,0.04694457321032848,0.09388914642065696
3572,0b8c4ad8-0c0a-58a8-9c41-6afa58400dc3,Hartelijkheid,Zelfonthulling,0.276402284905342,0.3835109307846252,0.1071086458792832,0.032406521239838004,0.06481304247967601
3576,a5bc65f4-cbe4-5303-9ac4-0a97089e3ec2,Hartelijkheid,Zelfontwikkeling,0.6387238705168019,0.5106559988480012,-0.12806787166880074,0.0383332743558915,0.076666548711783
3578,eb695653-6a34-557a-aa9b-90a16a666a9b,Hartelijkheid,Zelfontwikkeling,0.39485992737127956,0.5106559988480012,0.11579607147672161,0.0383332743558915,0.076666548711783
3604,24e2d531-6fab-5f5b-9282-a488302c6547,Hartelijkheid,Zelfvertoon,0.677566878951827,0.6128386345955843,-0.06472824435624269,0.02763163424935708,0.05526326849871416
3608,283ab77f-98df-5946-aacd-c3bf20cc1bc4,Hartelijkheid,Zelfvertoon,0.5501004062759703,0.6128386345955843,0.06273822831961395,0.02763163424935708,0.05526326849871416
3635,645025be-9089-5afa-a2e1-5b77a6593f13,Hartelijkheid,Zelfvertrouwen,0.6582727016256125,0.5495547350462293,-0.10871796657938315,0.03766195455831329,0.07532390911662658
3645,54607c72-f7f0-5106-874f-ff352975ea48,Hartelijkheid,Zelfvertrouwen,0.6591119983695998,0.5495547350462293,-0.10955726332337046,0.03766195455831329,0.07532390911662658
3651,a5bc65f4-cbe4-5303-9ac4-0a97089e3ec2,Hartelijkheid,Zorgzaamheid,0.6752899609141906,0.6165691733270567,-0.05872078758713384,0.02754524188542033,0.05509048377084066
3678,eb695653-6a34-557a-aa9b-90a16a666a9b,Incasseringsvermogen,Nauwkeurigheid,0.18119013786270532,0.28426792336121803,0.10307778549851271,0.04725046594046502,0.09450093188093003
3680,376aa464-a5f7-5aed-acd9-7dceb37ded9d,Incasseringsvermogen,Nauwkeurigheid,0.13838883886712436,0.28426792336121803,0.14587908449409367,0.04725046594046502,0.09450093188093003
3704,24e2d531-6fab-5f5b-9282-a488302c6547,Incasseringsvermogen,Onafhankelijkheid,0.021328790852864776,-0.1252976279886324,-0.14662641884149716,0.05320813787920104,0.10641627575840208
3720,54607c72-f7f0-5106-874f-ff352975ea48,Incasseringsvermogen,Onafhankelijkheid,-0.2624440622800188,-0.1252976279886324,0.13714643429138643,0.05320813787920104,0.10641627575840208
3728,eb695653-6a34-557a-aa9b-90a16a666a9b,Incasseringsvermogen,Ordelijkheid,0.08817713202168834,0.18254362344406458,0.09436649142237624,0.043481531577165555,0.08696306315433111
3734,3e44802d-3364-5f3a-af67-a038e335a656,Incasseringsvermogen,Ordelijkheid,0.061742344355015966,0.18254362344406458,0.12080127908904861,0.043481531577165555,0.08696306315433111
3772,0b8c4ad8-0c0a-58a8-9c41-6afa58400dc3,Incasseringsvermogen,Originaliteit,0.5167574643089092,0.38133458259957836,-0.13542288170933087,0.03768128512832659,0.07536257025665317
3779,24e2d531-6fab-5f5b-9282-a488302c6547,Incasseringsvermogen,Positivisme,0.49970512059412453,0.563170589102481,0.06346546850835644,0.02804813914692589,0.05609627829385178
3792,c22e1828-5784-556c-a41b-541e88bbe819,Incasseringsvermogen,Positivisme,0.6275433173447952,0.563170589102481,-0.06437272824231421,0.02804813914692589,0.05609627829385178
3802,061a8da0-102b-58ec-9536-67e4018e4894,Incasseringsvermogen,Regelmaat,-0.17649551698075477,-0.2437628292119802,-0.06726731223122542,0.03149175311864121,0.06298350623728242
3804,24e2d531-6fab-5f5b-9282-a488302c6547,Incasseringsvermogen,Regelmaat,-0.31671020863326715,-0.2437628292119802,0.07294737942128696,0.03149175311864121,0.06298350623728242
3829,24e2d531-6fab-5f5b-9282-a488302c6547,Incasseringsvermogen,Sociaal Ontspannen,0.5988060716536214,0.5349571520156633,-0.06384891963795813,0.025348946398995535,0.05069789279799107
3830,376aa464-a5f7-5aed-acd9-7dceb37ded9d,Incasseringsvermogen,Sociaal Ontspannen,0.4709994032899122,0.5349571520156633,0.0639577487257511,0.025348946398995535,0.05069789279799107
3855,376aa464-a5f7-5aed-acd9-7dceb37ded9d,Incasseringsvermogen,Status,0.291586480956194,0.38608584959705294,0.09449936864085895,0.03621708391626835,0.0724341678325367
3878,eb695653-6a34-557a-aa9b-90a16a666a9b,Incasseringsvermogen,Variatiebehoefte,0.4833362852352487,0.5387431516616302,0.05540686642638154,0.025213639724682626,0.05042727944936525
3904,24e2d531-6fab-5f5b-9282-a488302c6547,Incasseringsvermogen,Vertrouwen,0.10431639905949368,0.20495722593845037,0.10064082687895669,0.04710262775340358,0.09420525550680715
3905,376aa464-a5f7-5aed-acd9-7dceb37ded9d,Incasseringsvermogen,Vertrouwen,0.35385797222177073,0.20495722593845037,-0.14890074628332037,0.04710262775340358,0.09420525550680715
3945,54607c72-f7f0-5106-874f-ff352975ea48,Incasseringsvermogen,Volharding,0.605440142836405,0.5425076526934673,-0.06293249014293767,0.030190394251326438,0.060380788502652875
3955,376aa464-a5f7-5aed-acd9-7dceb37ded9d,Incasseringsvermogen,Weloverwogen,0.2518944915622538,0.38057388180323126,0.12867939024097746,0.03953169058300414,0.07906338116600828
3961,980717fa-cb0e-5995-a07f-d7eabf81f302,Incasseringsvermogen,Weloverwogen,0.47041802474101474,0.38057388180323126,-0.08984414293778348,0.03953169058300414,0.07906338116600828
3992,c22e1828-5784-556c-a41b-541e88bbe819,Incasseringsvermogen,Zelfonthulling,0.23495681269704147,0.17158217306972068,-0.06337463962732079,0.029186968263660074,0.05837393652732015
3997,0b8c4ad8-0c0a-58a8-9c41-6afa58400dc3,Incasseringsvermogen,Zelfonthulling,0.10688609513071133,0.17158217306972068,0.06469607793900935,0.029186968263660074,0.05837393652732015
4003,eb695653-6a34-557a-aa9b-90a16a666a9b,Incasseringsvermogen,Zelfontwikkeling,0.5070823560252362,0.5627358662756942,0.05565351025045795,0.027006254726989122,0.054012509453978244
4004,24e2d531-6fab-5f5b-9282-a488302c6547,Incasseringsvermogen,Zelfontwikkeling,0.48929009287373115,0.5627358662756942,0.07344577340196301,0.027006254726989122,0.054012509453978244
4023,230154a9-def4-5404-a86e-ec8626ee4c95,Incasseringsvermogen,Zelfontwikkeling,0.6294430365607805,0.5627358662756942,-0.06670717028508633,0.027006254726989122,0.054012509453978244
4029,24e2d531-6fab-5f5b-9282-a488302c6547,Incasseringsvermogen,Zelfvertoon,0.5463742913749865,0.4272912601629867,-0.11908303121199981,0.039198852940914776,0.07839770588182955
4030,376aa464-a5f7-5aed-acd9-7dceb37ded9d,Incasseringsvermogen,Zelfvertoon,0.32552955356377117,0.4272912601629867,0.10176170659921552,0.039198852940914776,0.07839770588182955
4079,24e2d531-6fab-5f5b-9282-a488302c6547,Incasseringsvermogen,Zorgzaamheid,0.37502582109520805,0.28644545252665604,-0.088580368568552,0.03829498251669351,0.07658996503338703
4103,eb695653-6a34-557a-aa9b-90a16a666a9b,Nauwkeurigheid,Onafhankelijkheid,0.1789207840683779,0.04742927877293597,-0.13149150529544196,0.04491158086328188,0.08982316172656377
4124,de12a2c7-d545-55e2-bd43-69fab0a50149,Nauwkeurigheid,Onafhankelijkheid,-0.04531784844261722,0.04742927877293597,0.0927471272155532,0.04491158086328188,0.08982316172656377
4128,eb695653-6a34-557a-aa9b-90a16a666a9b,Nauwkeurigheid,Ordelijkheid,0.5034364665596534,0.5841132872411456,0.08067682068149229,0.025644115726362517,0.051288231452725035
4153,eb695653-6a34-557a-aa9b-90a16a666a9b,Nauwkeurigheid,Originaliteit,0.04471018340098962,0.16638681311240192,0.1216766297114123,0.04972972956396368,0.09945945912792736
4174,de12a2c7-d545-55e2-bd43-69fab0a50149,Nauwkeurigheid,Originaliteit,0.02419883378463789,0.16638681311240192,0.14218797932776403,0.04972972956396368,0.09945945912792736
4178,eb695653-6a34-557a-aa9b-90a16a666a9b,Nauwkeurigheid,Positivisme,0.32384432777583155,0.39345068652458187,0.06960635874875032,0.03105671625765699,0.06211343251531398
4207,6d5cecd8-e3c3-524b-88b3-ed62a8d52f88,Nauwkeurigheid,Regelmaat,-0.15424207100338855,-0.01412069194076018,0.14012137906262837,0.0511610206962631,0.1023220413925262
4217,c22e1828-5784-556c-a41b-541e88bbe819,Nauwkeurigheid,Regelmaat,0.09995570762189696,-0.01412069194076018,-0.11407639956265714,0.0511610206962631,0.1023220413925262
4230,376aa464-a5f7-5aed-acd9-7dceb37ded9d,Nauwkeurigheid,Sociaal Ontspannen,0.05391056014884912,0.14615196962289204,0.09224140947404291,0.03963328977780975,0.0792665795556195
4253,eb695653-6a34-557a-aa9b-90a16a666a9b,Nauwkeurigheid,Status,0.09415127386476105,0.21113111426069336,0.11697984039593232,0.05095027571053729,0.10190055142107458
4273,230154a9-def4-5404-a86e-ec8626ee4c95,Nauwkeurigheid,Status,0.0650389842926663,0.21113111426069336,0.14609212996802706,0.05095027571053729,0.10190055142107458
4278,eb695653-6a34-557a-aa9b-90a16a666a9b,Nauwkeurigheid,Variatiebehoefte,0.04664026385059214,0.22382234233089057,0.17718207848029843,0.05190076184061558,0.10380152368123116
4303,eb695653-6a34-557a-aa9b-90a16a666a9b,Nauwkeurigheid,Vertrouwen,-0.21790230364135474,-0.08491605257363483,0.1329862510677199,0.04976684838438951,0.09953369676877902
4317,c22e1828-5784-556c-a41b-541e88bbe819,Nauwkeurigheid,Vertrouwen,-0.204509616687174,-0.08491605257363483,0.11959356411353916,0.04976684838438951,0.09953369676877902
4328,eb695653-6a34-557a-aa9b-90a16a666a9b,Nauwkeurigheid,Volharding,0.5314910710639358,0.6313744455549857,0.09988337449104989,0.030911169023026538,0.061822338046053076
4353,eb695653-6a34-557a-aa9b-90a16a666a9b,Nauwkeurigheid,Weloverwogen,0.5799043010341999,0.6427863764906155,0.06288207545641566,0.027869708141042858,0.055739416282085716
4367,c22e1828-5784-556c-a41b-541e88bbe819,Nauwkeurigheid,Weloverwogen,0.7107183718996107,0.6427863764906155,-0.0679319954089952,0.027869708141042858,0.055739416282085716
4392,c22e1828-5784-556c-a41b-541e88bbe819,Nauwkeurigheid,Zelfonthulling,-0.1827919249533805,-0.03711544788574502,0.14567647706763548,0.04167786932529801,0.08335573865059602
4403,eb695653-6a34-557a-aa9b-90a16a666a9b,Nauwkeurigheid,Zelfontwikkeling,0.33235506611392873,0.4792480758733795,0.14689300975945074,0.04151795005903549,0.08303590011807098
4423,230154a9-def4-5404-a86e-ec8626ee4c95,Nauwkeurigheid,Zelfontwikkeling,0.39550176285988964,0.4792480758733795,0.08374631301348984,0.04151795005903549,0.08303590011807098
4430,376aa464-a5f7-5aed-acd9-7dceb37ded9d,Nauwkeurigheid,Zelfvertoon,-0.12413438475628578,-0.0033022909334191586,0.12083209382286662,0.04419179763657872,0.08838359527315744
4436,980717fa-cb0e-5995-a07f-d7eabf81f302,Nauwkeurigheid,Zelfvertoon,0.09559117976612223,-0.0033022909334191586,-0.0988934706995414,0.04419179763657872,0.08838359527315744
4455,376aa464-a5f7-5aed-acd9-7dceb37ded9d,Nauwkeurigheid,Zelfvertrouwen,0.2248850465382494,0.301422085134903,0.07653703859665359,0.036796339433644555,0.07359267886728911
4461,980717fa-cb0e-5995-a07f-d7eabf81f302,Nauwkeurigheid,Zelfvertrouwen,0.4009142005388489,0.301422085134903,-0.09949211540394592,0.036796339433644555,0.07359267886728911
4478,eb695653-6a34-557a-aa9b-90a16a666a9b,Nauwkeurigheid,Zorgzaamheid,0.17279047605143277,0.28424000750826217,0.1114495314568294,0.045353317012854444,0.09070663402570889
4482,6d5cecd8-e3c3-524b-88b3-ed62a8d52f88,Nauwkeurigheid,Zorgzaamheid,0.39252346611451777,0.28424000750826217,-0.1082834586062556,0.045353317012854444,0.09070663402570889
4503,eb695653-6a34-557a-aa9b-90a16a666a9b,Onafhankelijkheid,Ordelijkheid,0.016585283634530403,-0.07081598355495658,-0.08740126718948699,0.0391317904344286,0.0782635808688572
4509,3e44802d-3364-5f3a-af67-a038e335a656,Onafhankelijkheid,Ordelijkheid,0.034738420285412915,-0.07081598355495658,-0.10555440384036949,0.0391317904344286,0.0782635808688572
4528,eb695653-6a34-557a-aa9b-90a16a666a9b,Onafhankelijkheid,Originaliteit,0.41886695324578543,0.32521897110140974,-0.0936479821443757,0.04263090124961456,0.08526180249922911
4545,54607c72-f7f0-5106-874f-ff352975ea48,Onafhankelijkheid,Originaliteit,0.2072430577280797,0.32521897110140974,0.11797591337333005,0.04263090124961456,0.08526180249922911
4554,24e2d531-6fab-5f5b-9282-a488302c6547,Onafhankelijkheid,Positivisme,-0.31512452504835164,-0.3976081755438888,-0.08248365049553713,0.03887533898332555,0.0777506779666511
4577,061a8da0-102b-58ec-9536-67e4018e4894,Onafhankelijkheid,Regelmaat,0.31733153120876706,0.23438433406618084,-0.08294719714258622,0.03948486627349647,0.07896973254699294
4582,6d5cecd8-e3c3-524b-88b3-ed62a8d52f88,Onafhankelijkheid,Regelmaat,0.1467474321506454,0.23438433406618084,0.08763690191553544,0.03948486627349647,0.07896973254699294
4592,c22e1828-5784-556c-a41b-541e88bbe819,Onafhankelijkheid,Regelmaat,0.1467474321506454,0.23438433406618084,0.08763690191553544,0.03948486627349647,0.07896973254699294
4670,54607c72-f7f0-5106-874f-ff352975ea48,Onafhankelijkheid,Variatiebehoefte,-0.261733259657474,-0.1350306419486122,0.12670261770886182,0.04707503160299572,0.09415006320599144
4679,24e2d531-6fab-5f5b-9282-a488302c6547,Onafhankelijkheid,Vertrouwen,-0.5021153702082147,-0.5530915226046949,-0.05097615239648012,0.024765467075940028,0.049530934151880056
4703,eb695653-6a34-557a-aa9b-90a16a666a9b,Onafhankelijkheid,Volharding,-0.25375122623103435,-0.3274712788655157,-0.07372005263448134,0.035947399034417,0.071894798068834
4713,740200fb-ceec-58a1-a4da-f24c997943de,Onafhankelijkheid,Volharding,-0.4007506038234093,-0.3274712788655157,0.07327932495789363,0.035947399034417,0.071894798068834
4718,6f169b8a-96c4-5c9c-8228-4bd081defe41,Onafhankelijkheid,Volharding,-0.3994918332822482,-0.3274712788655157,0.0720205544167325,0.035947399034417,0.071894798068834
4728,eb695653-6a34-557a-aa9b-90a16a666a9b,Onafhankelijkheid,Weloverwogen,0.17238781968743083,0.07539750789945494,-0.09699031178797589,0.042365434264822664,0.08473086852964533
4738,740200fb-ceec-58a1-a4da-f24c997943de,Onafhankelijkheid,Weloverwogen,0.17605961232734377,0.07539750789945494,-0.10066210442788882,0.042365434264822664,0.08473086852964533
4763,740200fb-ceec-58a1-a4da-f24c997943de,Onafhankelijkheid,Zelfonthulling,-0.20605884625905904,-0.27663460874468576,-0.07057576248562672,0.034847066076892745,0.06969413215378549
4767,c22e1828-5784-556c-a41b-541e88bbe819,Onafhankelijkheid,Zelfonthulling,-0.18584255150546497,-0.27663460874468576,-0.09079205723922079,0.034847066076892745,0.06969413215378549
4770,54607c72-f7f0-5106-874f-ff352975ea48,Onafhankelijkheid,Zelfonthulling,-0.384785134248862,-0.27663460874468576,0.10815052550417625,0.034847066076892745,0.06969413215378549
4779,24e2d531-6fab-5f5b-9282-a488302c6547,Onafhankelijkheid,Zelfontwikkeling,-0.325392821593611,-0.41638549816516873,-0.09099267657155774,0.034040727207722374,0.06808145441544475
4795,54607c72-f7f0-5106-874f-ff352975ea48,Onafhankelijkheid,Zelfontwikkeling,-0.4882162967991694,-0.41638549816516873,0.07183079863400066,0.034040727207722374,0.06808145441544475
4811,980717fa-cb0e-5995-a07f-d7eabf81f302,Onafhankelijkheid,Zelfvertoon,0.2097755824728201,0.09991330730923521,-0.10986227516358489,0.03219412022325186,0.06438824044650372
4845,54607c72-f7f0-5106-874f-ff352975ea48,Onafhankelijkheid,Zelfvertrouwen,-0.12727603875238255,0.06333161758229845,0.19060765633468102,0.0550255182785404,0.1100510365570808
4854,24e2d531-6fab-5f5b-9282-a488302c6547,Onafhankelijkheid,Zorgzaamheid,-0.4240214080394595,-0.33893491216519034,0.08508649587426914,0.03989233635447654,0.07978467270895308
4868,6f169b8a-96c4-5c9c-8228-4bd081defe41,Onafhankelijkheid,Zorgzaamheid,-0.433965816412413,-0.33893491216519034,0.09503090424722266,0.03989233635447654,0.07978467270895308
4878,eb695653-6a34-557a-aa9b-90a16a666a9b,Ordelijkheid,Originaliteit,-0.0746003846592251,0.03598388282992993,0.11058426748915504,0.04448114149776305,0.0889622829955261
4897,0b8c4ad8-0c0a-58a8-9c41-6afa58400dc3,Ordelijkheid,Originaliteit,0.1750925509849902,0.03598388282992993,-0.13910866815506026,0.04448114149776305,0.0889622829955261
4906,8783258b-64d3-5d41-92cf-08532d074f44,Ordelijkheid,Positivisme,0.4386370014233689,0.3467572511341899,-0.091879750289179,0.03473826811509975,0.0694765362301995
4934,3e44802d-3364-5f3a-af67-a038e335a656,Ordelijkheid,Regelmaat,-1.2418879414373955e-17,-0.10547658211740675,-0.10547658211740674,0.0425187660820361,0.0850375321640722
4939,7080eb17-4d6c-516c-9cb2-70c2cfb220e8,Ordelijkheid,Regelmaat,-0.2369030292695916,-0.10547658211740675,0.13142644715218482,0.0425187660820361,0.0850375321640722
4964,7080eb17-4d6c-516c-9cb2-70c2cfb220e8,Ordelijkheid,Sociaal Ontspannen,0.5293847702773171,0.44486825155479465,-0.08451651872252247,0.033135571370026935,0.06627114274005387
4984,3e44802d-3364-5f3a-af67-a038e335a656,Ordelijkheid,Status,0.37340370581850657,0.25885119335306656,-0.11455251246544002,0.04542270999337606,0.09084541998675212
5003,eb695653-6a34-557a-aa9b-90a16a666a9b,Ordelijkheid,Variatiebehoefte,0.21616885058355845,0.332600509518283,0.11643165893472457,0.04274120188461724,0.08548240376923448
5014,7080eb17-4d6c-516c-9cb2-70c2cfb220e8,Ordelijkheid,Variatiebehoefte,0.42854979831867784,0.332600509518283,-0.09594928880039483,0.04274120188461724,0.08548240376923448
5028,eb695653-6a34-557a-aa9b-90a16a666a9b,Ordelijkheid,Vertrouwen,-0.3370662044415051,-0.22241440222902972,0.11465180221247537,0.04644486077248304,0.09288972154496608
5041,61369f33-c11d-5d29-80ed-d751b8246cd1,Ordelijkheid,Vertrouwen,-0.09220770125520135,-0.22241440222902972,-0.13020670097382836,0.04644486077248304,0.09288972154496608
5053,eb695653-6a34-557a-aa9b-90a16a666a9b,Ordelijkheid,Volharding,0.5958254778036938,0.6612113586228823,0.0653858808191885,0.03056657967472651,0.06113315934945302
5056,8783258b-64d3-5d41-92cf-08532d074f44,Ordelijkheid,Volharding,0.7270320717152662,0.6612113586228823,-0.06582071309238391,0.03056657967472651,0.06113315934945302
5083,283ab77f-98df-5946-aacd-c3bf20cc1bc4,Ordelijkheid,Weloverwogen,0.6419082523199886,0.5495973230552988,-0.09231092926468976,0.03346234735098155,0.0669246947019631
5109,3e44802d-3364-5f3a-af67-a038e335a656,Ordelijkheid,Zelfonthulling,-0.13084168695533457,-0.026151074376363336,0.10469061257897123,0.04665529790225403,0.09331059580450805
5122,0b8c4ad8-0c0a-58a8-9c41-6afa58400dc3,Ordelijkheid,Zelfonthulling,-0.1738626628144788,-0.026151074376363336,0.14771158843811547,0.04665529790225403,0.09331059580450805
5128,eb695653-6a34-557a-aa9b-90a16a666a9b,Ordelijkheid,Zelfontwikkeling,0.21373094680584617,0.3505679441939712,0.13683699738812502,0.04150805611670014,0.08301611223340027
5141,61369f33-c11d-5d29-80ed-d751b8246cd1,Ordelijkheid,Zelfontwikkeling,0.2584233129879194,0.3505679441939712,0.09214463120605182,0.04150805611670014,0.08301611223340027
5158,283ab77f-98df-5946-aacd-c3bf20cc1bc4,Ordelijkheid,Zelfvertoon,-0.06096891883336953,0.09226078907278272,0.15322970790615226,0.04685439238787395,0.0937087847757479
5184,3e44802d-3364-5f3a-af67-a038e335a656,Ordelijkheid,Zelfvertrouwen,0.15488470041928132,0.2777845069049959,0.12289980648571458,0.0487161366335939,0.0974322732671878
5195,54607c72-f7f0-5106-874f-ff352975ea48,Ordelijkheid,Zelfvertrouwen,0.39141914492355234,0.2777845069049959,-0.11363463801855644,0.0487161366335939,0.0974322732671878
5209,3e44802d-3364-5f3a-af67-a038e335a656,Ordelijkheid,Zorgzaamheid,0.32022510770934426,0.42469134844067913,0.10446624073133487,0.03959059179578104,0.07918118359156208
5226,a5bc65f4-cbe4-5303-9ac4-0a97089e3ec2,Originaliteit,Positivisme,0.07285476851614255,-0.03195967073482554,-0.10481443925096809,0.052206868818702644,0.10441373763740529
5247,0b8c4ad8-0c0a-58a8-9c41-6afa58400dc3,Originaliteit,Positivisme,0.13659123261375813,-0.03195967073482554,-0.1685509033485837,0.052206868818702644,0.10441373763740529
5252,061a8da0-102b-58ec-9536-67e4018e4894,Originaliteit,Regelmaat,-0.04479608200736648,-0.1218900326769325,-0.07709395066956602,0.036661446920742934,0.07332289384148587
5267,c22e1828-5784-556c-a41b-541e88bbe819,Originaliteit,Regelmaat,-0.2574484573898411,-0.1218900326769325,0.13555842471290863,0.036661446920742934,0.07332289384148587
5297,0b8c4ad8-0c0a-58a8-9c41-6afa58400dc3,Originaliteit,Sociaal Ontspannen,0.44614326269529225,0.1504510055278153,-0.29569225716747694,0.06485553174226909,0.12971106348453817
5303,eb695653-6a34-557a-aa9b-90a16a666a9b,Originaliteit,Status,0.06714185551478771,0.14193031610836168,0.07478846059357397,0.03522758606931429,0.07045517213862858
5324,de12a2c7-d545-55e2-bd43-69fab0a50149,Originaliteit,Status,0.21745980360146452,0.14193031610836168,-0.07552948749310284,0.03522758606931429,0.07045517213862858
5347,0b8c4ad8-0c0a-58a8-9c41-6afa58400dc3,Originaliteit,Variatiebehoefte,0.5801539290248786,0.5028414293045719,-0.07731249972030674,0.03272044417514262,0.06544088835028523
5367,c22e1828-5784-556c-a41b-541e88bbe819,Originaliteit,Vertrouwen,0.025816688757102794,-0.07263931141044667,-0.09845600016754946,0.03678430443516699,0.07356860887033398
5378,eb695653-6a34-557a-aa9b-90a16a666a9b,Originaliteit,Volharding,-0.05383819020581655,0.08486718486061924,0.1387053750664358,0.04628192482292124,0.09256384964584248
5397,0b8c4ad8-0c0a-58a8-9c41-6afa58400dc3,Originaliteit,Volharding,0.20957254120141877,0.08486718486061924,-0.12470535634079953,0.04628192482292124,0.09256384964584248
5422,0b8c4ad8-0c0a-58a8-9c41-6afa58400dc3,Originaliteit,Weloverwogen,0.5025098035423655,0.36193496952018994,-0.14057483402217558,0.04598397247072273,0.09196794494144546
5445,54607c72-f7f0-5106-874f-ff352975ea48,Originaliteit,Zelfonthulling,-0.4969077630339493,-0.37734789569057237,0.11955986734337692,0.04660472646301427,0.09320945292602854
5447,0b8c4ad8-0c0a-58a8-9c41-6afa58400dc3,Originaliteit,Zelfonthulling,-0.21074840667731728,-0.37734789569057237,-0.16659948901325508,0.04660472646301427,0.09320945292602854
5451,a5bc65f4-cbe4-5303-9ac4-0a97089e3ec2,Originaliteit,Zelfontwikkeling,0.1828313585756409,0.29916056127123175,0.11632920269559086,0.043810970110202005,0.08762194022040401
5453,eb695653-6a34-557a-aa9b-90a16a666a9b,Originaliteit,Zelfontwikkeling,0.19526516660202653,0.29916056127123175,0.10389539466920522,0.043810970110202005,0.08762194022040401
5497,0b8c4ad8-0c0a-58a8-9c41-6afa58400dc3,Originaliteit,Zelfvertoon,0.09699285971614986,-0.03235751144647169,-0.12935037116262155,0.03653629087620245,0.0730725817524049
5520,54607c72-f7f0-5106-874f-ff352975ea48,Originaliteit,Zelfvertrouwen,0.15326679445085253,0.2969112462610471,0.14364445181019456,0.05771769419625501,0.11543538839251002
5522,0b8c4ad8-0c0a-58a8-9c41-6afa58400dc3,Originaliteit,Zelfvertrouwen,0.5171208966876666,0.2969112462610471,-0.2202096504266195,0.05771769419625501,0.11543538839251002
5547,0b8c4ad8-0c0a-58a8-9c41-6afa58400dc3,Originaliteit,Zorgzaamheid,0.1510696135839488,-0.024610841494742637,-0.17568045507869143,0.05403383037667754,0.10806766075335508
5567,c22e1828-5784-556c-a41b-541e88bbe819,Positivisme,Regelmaat,-0.2648277528202766,-0.3873137039789803,-0.1224859511587037,0.03655478093611019,0.07310956187222038
5583,283ab77f-98df-5946-aacd-c3bf20cc1bc4,Positivisme,Sociaal Ontspannen,0.5657473315036036,0.494532045384162,-0.07121528611944156,0.03179779645234402,0.06359559290468804
5592,c22e1828-5784-556c-a41b-541e88bbe819,Positivisme,Sociaal Ontspannen,0.566894835096453,0.494532045384162,-0.07236278971229099,0.03179779645234402,0.06359559290468804
5597,0b8c4ad8-0c0a-58a8-9c41-6afa58400dc3,Positivisme,Sociaal Ontspannen,0.4094890338973381,0.494532045384162,0.08504301148682392,0.03179779645234402,0.06359559290468804
5606,8783258b-64d3-5d41-92cf-08532d074f44,Positivisme,Status,0.14239385408540184,0.23184710757267307,0.08945325348727123,0.04162629434232583,0.08325258868465166
5612,5e3ed26e-b8d0-53f5-be5a-38296109877d,Positivisme,Status,0.31916926618921043,0.23184710757267307,-0.08732215861653736,0.04162629434232583,0.08325258868465166
5626,a5bc65f4-cbe4-5303-9ac4-0a97089e3ec2,Positivisme,Variatiebehoefte,0.6900779785229353,0.5815520855097728,-0.10852589301316251,0.029144479949169275,0.05828895989833855
5666,61369f33-c11d-5d29-80ed-d751b8246cd1,Positivisme,Vertrouwen,0.6272475027532299,0.5191192891173533,-0.10812821363587666,0.03865889856287997,0.07731779712575994
5667,c22e1828-5784-556c-a41b-541e88bbe819,Positivisme,Vertrouwen,0.4296914323023531,0.5191192891173533,0.08942785681500015,0.03865889856287997,0.07731779712575994
5672,0b8c4ad8-0c0a-58a8-9c41-6afa58400dc3,Positivisme,Vertrouwen,0.5976096272362421,0.5191192891173533,-0.07849033811888884,0.03865889856287997,0.07731779712575994
5676,a5bc65f4-cbe4-5303-9ac4-0a97089e3ec2,Positivisme,Volharding,0.7104123111947079,0.6575881982510227,-0.052824112943685275,0.021336512989599116,0.04267302597919823
5701,a5bc65f4-cbe4-5303-9ac4-0a97089e3ec2,Positivisme,Weloverwogen,0.2997802417046013,0.19766771583721623,-0.10211252586738509,0.040459613080894866,0.08091922616178973
5717,c22e1828-5784-556c-a41b-541e88bbe819,Positivisme,Weloverwogen,0.2879159894453823,0.19766771583721623,-0.09024827360816609,0.040459613080894866,0.08091922616178973
5742,c22e1828-5784-556c-a41b-541e88bbe819,Positivisme,Zelfonthulling,0.2833459267654943,0.41659749134003504,0.13325156457454074,0.039626643662203705,0.07925328732440741
5747,0b8c4ad8-0c0a-58a8-9c41-6afa58400dc3,Positivisme,Zelfonthulling,0.31353699595490914,0.41659749134003504,0.1030604953851259,0.039626643662203705,0.07925328732440741
5751,a5bc65f4-cbe4-5303-9ac4-0a97089e3ec2,Positivisme,Zelfontwikkeling,0.74003559352524,0.5739069463252131,-0.16612864720002685,0.03940292280664024,0.07880584561328048
5779,24e2d531-6fab-5f5b-9282-a488302c6547,Positivisme,Zelfvertoon,0.35880117247810606,0.2765573557952625,-0.08224381668284353,0.0323280158910342,0.0646560317820684
5783,283ab77f-98df-5946-aacd-c3bf20cc1bc4,Positivisme,Zelfvertoon,0.34298395397486164,0.2765573557952625,-0.06642659817959912,0.0323280158910342,0.0646560317820684
5797,0b8c4ad8-0c0a-58a8-9c41-6afa58400dc3,Positivisme,Zelfvertoon,0.20942610600762734,0.2765573557952625,0.06713124978763518,0.0323280158910342,0.0646560317820684
5810,645025be-9089-5afa-a2e1-5b77a6593f13,Positivisme,Zelfvertrouwen,0.6397430328157188,0.4810564161517404,-0.15868661666397837,0.03944294822868015,0.0788858964573603
5867,c22e1828-5784-556c-a41b-541e88bbe819,Regelmaat,Sociaal Ontspannen,-0.44972567478934233,-0.3591855644177372,0.09054011037160514,0.032669205196363474,0.06533841039272695
5882,6d5cecd8-e3c3-524b-88b3-ed62a8d52f88,Regelmaat,Status,-0.2884930625902006,-0.19204476869464743,0.09644829389555315,0.041788578360836645,0.08357715672167329
5892,c22e1828-5784-556c-a41b-541e88bbe819,Regelmaat,Status,-0.28849306259020063,-0.19204476869464743,0.0964482938955532,0.041788578360836645,0.08357715672167329
5907,6d5cecd8-e3c3-524b-88b3-ed62a8d52f88,Regelmaat,Variatiebehoefte,-0.5774390189104518,-0.625872206987207,-0.04843318807675523,0.020987036309998944,0.04197407261999789
5942,c22e1828-5784-556c-a41b-541e88bbe819,Regelmaat,Vertrouwen,-0.20929398272391772,-0.3665167751408759,-0.15722279241695816,0.04294595718688597,0.08589191437377194
5957,6d5cecd8-e3c3-524b-88b3-ed62a8d52f88,Regelmaat,Volharding,-0.40882275274266794,-0.3128212169532062,0.09600153578946174,0.03512826418925216,0.07025652837850432
5967,c22e1828-5784-556c-a41b-541e88bbe819,Regelmaat,Volharding,-0.23605482114469398,-0.3128212169532062,-0.07676639580851222,0.03512826418925216,0.07025652837850432
5992,c22e1828-5784-556c-a41b-541e88bbe819,Regelmaat,Weloverwogen,-0.24661583787673563,-0.13298396302945475,0.11363187484728088,0.035302292574788834,0.07060458514957767
6017,c22e1828-5784-556c-a41b-541e88bbe819,Regelmaat,Zelfonthulling,-0.12896882261510997,-0.3381970824116494,-0.20922825979653945,0.05759196793042648,0.11518393586085296
6019,c6323f05-ac11-5726-b4a1-474fa2d166a8,Regelmaat,Zelfonthulling,-0.47143981729398454,-0.3381970824116494,0.13324273488233512,0.05759196793042648,0.11518393586085296
6029,24e2d531-6fab-5f5b-9282-a488302c6547,Regelmaat,Zelfontwikkeling,-0.4046402000887009,-0.3307804364977583,0.0738597635909426,0.028078046835743574,0.05615609367148715
6048,230154a9-def4-5404-a86e-ec8626ee4c95,Regelmaat,Zelfontwikkeling,-0.2732704618134893,-0.3307804364977583,-0.057509974684268994,0.028078046835743574,0.05615609367148715
6058,283ab77f-98df-5946-aacd-c3bf20cc1bc4,Regelmaat,Zelfvertoon,-0.010937668627647258,-0.13303201468076237,-0.12209434605311512,0.041873984523051154,0.08374796904610231
6064,7080eb17-4d6c-516c-9cb2-70c2cfb220e8,Regelmaat,Zelfvertoon,-0.03351580849873558,-0.13303201468076237,-0.09951620618202678,0.041873984523051154,0.08374796904610231
6082,6d5cecd8-e3c3-524b-88b3-ed62a8d52f88,Regelmaat,Zelfvertrouwen,-0.382477188394993,-0.3051741273183575,0.07730306107663548,0.029382219464268725,0.05876443892853745
6107,6d5cecd8-e3c3-524b-88b3-ed62a8d52f88,Regelmaat,Zorgzaamheid,-0.27350129391940003,-0.36995031508828385,-0.09644902116888382,0.04160606027961112,0.08321212055922224
6117,c22e1828-5784-556c-a41b-541e88bbe819,Regelmaat,Zorgzaamheid,-0.2735012939194001,-0.36995031508828385,-0.09644902116888376,0.04160606027961112,0.08321212055922224
6133,283ab77f-98df-5946-aacd-c3bf20cc1bc4,Sociaal Ontspannen,Status,0.11030548662794679,0.2791022112369209,0.16879672460897413,0.05992934052186211,0.11985868104372421
6137,5e3ed26e-b8d0-53f5-be5a-38296109877d,Sociaal Ontspannen,Status,0.45779517221817795,0.2791022112369209,-0.17869296098125703,0.05992934052186211,0.11985868104372421
6158,283ab77f-98df-5946-aacd-c3bf20cc1bc4,Sociaal Ontspannen,Variatiebehoefte,0.531276479138699,0.5738501115951726,0.04257363245647361,0.021148022104688333,0.04229604420937667
6172,0b8c4ad8-0c0a-58a8-9c41-6afa58400dc3,Sociaal Ontspannen,Variatiebehoefte,0.6275144731896626,0.5738501115951726,-0.05366436159448995,0.021148022104688333,0.04229604420937667
6191,61369f33-c11d-5d29-80ed-d751b8246cd1,Sociaal Ontspannen,Vertrouwen,0.23887156686683228,0.15252810214190723,-0.08634346472492505,0.04134793376812245,0.0826958675362449
6197,0b8c4ad8-0c0a-58a8-9c41-6afa58400dc3,Sociaal Ontspannen,Vertrouwen,0.23696592527393612,0.15252810214190723,-0.08443782313202888,0.04134793376812245,0.0826958675362449
6233,283ab77f-98df-5946-aacd-c3bf20cc1bc4,Sociaal Ontspannen,Weloverwogen,0.40218177840651087,0.25014188766894285,-0.15203989073756802,0.04626135828816502,0.09252271657633004
6267,c22e1828-5784-556c-a41b-541e88bbe819,Sociaal Ontspannen,Zelfonthulling,0.48335481624701976,0.3660492284108999,-0.11730558783611988,0.04838070729232437,0.09676141458464874
6272,0b8c4ad8-0c0a-58a8-9c41-6afa58400dc3,Sociaal Ontspannen,Zelfonthulling,0.1913469625119907,0.3660492284108999,0.17470226589890916,0.04838070729232437,0.09676141458464874
6308,283ab77f-98df-5946-aacd-c3bf20cc1bc4,Sociaal Ontspannen,Zelfvertoon,0.6446002910028088,0.730166785737388,0.08556649473457922,0.02336127754443412,0.04672255508886824
6347,0b8c4ad8-0c0a-58a8-9c41-6afa58400dc3,Sociaal Ontspannen,Zelfvertrouwen,0.5493588706505147,0.6083709680005959,0.05901209735008117,0.02241304289506246,0.04482608579012492
6372,0b8c4ad8-0c0a-58a8-9c41-6afa58400dc3,Sociaal Ontspannen,Zorgzaamheid,0.3615540360352085,0.4576686697167734,0.09611463368156486,0.03139152819468061,0.06278305638936121
6387,5e3ed26e-b8d0-53f5-be5a-38296109877d,Status,Variatiebehoefte,0.4984325284971468,0.42100634481459676,-0.07742618368255005,0.037103417801669224,0.07420683560333845
6412,5e3ed26e-b8d0-53f5-be5a-38296109877d,Status,Vertrouwen,0.19712844128230453,0.08050835769913459,-0.11662008358316994,0.04517745164172182,0.09035490328344364
6437,5e3ed26e-b8d0-53f5-be5a-38296109877d,Status,Volharding,0.4982453934917468,0.3986123451805639,-0.09963304831118291,0.04299184941855109,0.08598369883710218
6448,230154a9-def4-5404-a86e-ec8626ee4c95,Status,Volharding,0.3033268392669932,0.3986123451805639,0.09528550591357066,0.04299184941855109,0.08598369883710218
6458,283ab77f-98df-5946-aacd-c3bf20cc1bc4,Status,Weloverwogen,0.40860525981600343,0.2730309832422205,-0.1355742765737829,0.045162432836323374,0.09032486567264675
6492,c22e1828-5784-556c-a41b-541e88bbe819,Status,Zelfonthulling,0.022696032475080105,-0.051346438556897946,-0.07404247103197806,0.03184763399197133,0.06369526798394266
6494,c6323f05-ac11-5726-b4a1-474fa2d166a8,Status,Zelfonthulling,-0.11696835397064885,-0.051346438556897946,0.0656219154137509,0.03184763399197133,0.06369526798394266
6497,0b8c4ad8-0c0a-58a8-9c41-6afa58400dc3,Status,Zelfonthulling,0.0201420276151686,-0.051346438556897946,-0.07148846617206654,0.03184763399197133,0.06369526798394266
6503,eb695653-6a34-557a-aa9b-90a16a666a9b,Status,Zelfontwikkeling,0.41686348781153704,0.48782528312468826,0.07096179531315122,0.033279437920490165,0.06655887584098033
6512,5e3ed26e-b8d0-53f5-be5a-38296109877d,Status,Zelfontwikkeling,0.5629473865326245,0.48782528312468826,-0.07512210340793629,0.033279437920490165,0.06655887584098033
6523,230154a9-def4-5404-a86e-ec8626ee4c95,Status,Zelfontwikkeling,0.39608998240609244,0.48782528312468826,0.09173530071859581,0.033279437920490165,0.06655887584098033
6533,283ab77f-98df-5946-aacd-c3bf20cc1bc4,Status,Zelfvertoon,0.10431270928740917,0.3070422193629064,0.20272951007549722,0.05797347986193701,0.11594695972387402
6555,376aa464-a5f7-5aed-acd9-7dceb37ded9d,Status,Zelfvertrouwen,0.13444401363413905,0.2069414734022577,0.07249745976811864,0.035418333926406934,0.07083666785281387
6556,8783258b-64d3-5d41-92cf-08532d074f44,Status,Zelfvertrouwen,0.13444401363413905,0.2069414734022577,0.07249745976811864,0.035418333926406934,0.07083666785281387
6578,eb695653-6a34-557a-aa9b-90a16a666a9b,Status,Zorgzaamheid,-0.09140831653321786,0.0025866067596574016,0.09399492329287526,0.03964691407493945,0.0792938281498789
6583,283ab77f-98df-5946-aacd-c3bf20cc1bc4,Status,Zorgzaamheid,-0.08027792157821131,0.0025866067596574016,0.08286452833786871,0.03964691407493945,0.0792938281498789
6616,61369f33-c11d-5d29-80ed-d751b8246cd1,Variatiebehoefte,Vertrouwen,0.5107045532188919,0.38905082472305225,-0.12165372849583961,0.03753198606190882,0.07506397212381764
6627,061a8da0-102b-58ec-9536-67e4018e4894,Variatiebehoefte,Volharding,0.6909327771457271,0.6252379775555502,-0.06569479959017688,0.030840168277904895,0.06168033655580979
6628,eb695653-6a34-557a-aa9b-90a16a666a9b,Variatiebehoefte,Volharding,0.5391582224032634,0.6252379775555502,0.08607975515228683,0.030840168277904895,0.06168033655580979
6632,6d5cecd8-e3c3-524b-88b3-ed62a8d52f88,Variatiebehoefte,Volharding,0.690932777145727,0.6252379775555502,-0.06569479959017677,0.030840168277904895,0.06168033655580979
6653,eb695653-6a34-557a-aa9b-90a16a666a9b,Variatiebehoefte,Weloverwogen,0.19608994966038015,0.30956311518475416,0.113473165524374,0.039786956945027895,0.07957391389005579
6689,7080eb17-4d6c-516c-9cb2-70c2cfb220e8,Variatiebehoefte,Zelfonthulling,0.06337146285231637,0.1423937391786021,0.07902227632628572,0.03643951331261021,0.07287902662522042
6692,c22e1828-5784-556c-a41b-541e88bbe819,Variatiebehoefte,Zelfonthulling,0.054056247761733574,0.1423937391786021,0.08833749141686853,0.03643951331261021,0.07287902662522042
6694,c6323f05-ac11-5726-b4a1-474fa2d166a8,Variatiebehoefte,Zelfonthulling,0.21647644023908433,0.1423937391786021,-0.07408270106048223,0.03643951331261021,0.07287902662522042
6703,eb695653-6a34-557a-aa9b-90a16a666a9b,Variatiebehoefte,Zelfontwikkeling,0.6212292329679684,0.6931220002090002,0.07189276724103177,0.022380473354061868,0.044760946708123736
6733,283ab77f-98df-5946-aacd-c3bf20cc1bc4,Variatiebehoefte,Zelfvertoon,0.1403916471762415,0.2539758754652734,0.11358422828903189,0.036688365663140016,0.07337673132628003
6760,645025be-9089-5afa-a2e1-5b77a6593f13,Variatiebehoefte,Zelfvertrouwen,0.5809394613021712,0.5068814841275138,-0.07405797717465745,0.02748904030792307,0.05497808061584614
6777,061a8da0-102b-58ec-9536-67e4018e4894,Variatiebehoefte,Zorgzaamheid,0.5267143482020478,0.4419096754820092,-0.08480467272003855,0.035636677569542856,0.07127335513908571
6778,eb695653-6a34-557a-aa9b-90a16a666a9b,Variatiebehoefte,Zorgzaamheid,0.36679612988662974,0.4419096754820092,0.07511354559537947,0.035636677569542856,0.07127335513908571
6816,61369f33-c11d-5d29-80ed-d751b8246cd1,Vertrouwen,Volharding,0.41731458159234086,0.22158112824152149,-0.19573345335081938,0.05448065975389784,0.10896131950779568
6828,eb695653-6a34-557a-aa9b-90a16a666a9b,Vertrouwen,Weloverwogen,-0.5045861263108005,-0.3815614752022569,0.12302465110854355,0.03945272556340191,0.07890545112680382
6841,61369f33-c11d-5d29-80ed-d751b8246cd1,Vertrouwen,Weloverwogen,-0.284113330535172,-0.3815614752022569,-0.0974481446670849,0.03945272556340191,0.07890545112680382
6867,c22e1828-5784-556c-a41b-541e88bbe819,Vertrouwen,Zelfonthulling,0.32097036938318463,0.47323380403505944,0.1522634346518748,0.045388793605534807,0.09077758721106961
6872,0b8c4ad8-0c0a-58a8-9c41-6afa58400dc3,Vertrouwen,Zelfonthulling,0.607924458425897,0.47323380403505944,-0.1346906543908376,0.045388793605534807,0.09077758721106961
6891,61369f33-c11d-5d29-80ed-d751b8246cd1,Vertrouwen,Zelfontwikkeling,0.5261074309405623,0.3221907934413024,-0.20391663749925992,0.05407654973091749,0.10815309946183498
6911,980717fa-cb0e-5995-a07f-d7eabf81f302,Vertrouwen,Zelfvertoon,-0.01903122731679773,0.10000000000000003,0.11903122731679777,0.04036901349579192,0.08073802699158383
6936,980717fa-cb0e-5995-a07f-d7eabf81f302,Vertrouwen,Zelfvertrouwen,-0.021053629994540714,0.07244179326244425,0.09349542325698497,0.043786807683369,0.087573615366738
6967,c22e1828-5784-556c-a41b-541e88bbe819,Vertrouwen,Zorgzaamheid,-0.04838919485969157,0.08873565094161134,0.1371248458013029,0.04634408325325398,0.09268816650650796
6978,eb695653-6a34-557a-aa9b-90a16a666a9b,Volharding,Weloverwogen,0.3753347712059069,0.47369383927459585,0.09835906806868894,0.03702123254096692,0.07404246508193384
7017,c22e1828-5784-556c-a41b-541e88bbe819,Volharding,Zelfonthulling,-0.025141822757713452,0.10361135069368557,0.12875317345139903,0.04455423410751226,0.08910846821502452
7022,0b8c4ad8-0c0a-58a8-9c41-6afa58400dc3,Volharding,Zelfonthulling,-1.094162822835877e-17,0.10361135069368557,0.10361135069368559,0.04455423410751226,0.08910846821502452
7028,eb695653-6a34-557a-aa9b-90a16a666a9b,Volharding,Zelfontwikkeling,0.5953101381498065,0.6859782301680784,0.09066809201827186,0.02773490594100212,0.05546981188200424
7073,230154a9-def4-5404-a86e-ec8626ee4c95,Volharding,Zelfvertoon,0.37927781720111836,0.2943863560923071,-0.08489146110881124,0.02945424207792719,0.05890848415585438
7095,54607c72-f7f0-5106-874f-ff352975ea48,Volharding,Zelfvertrouwen,0.6789128525363997,0.5511095437139799,-0.12780330882241975,0.034062592130135,0.06812518426027
7103,eb695653-6a34-557a-aa9b-90a16a666a9b,Volharding,Zorgzaamheid,0.4213362540867945,0.4957669581973921,0.0744307041105976,0.03591918682848793,0.07183837365697586
7123,230154a9-def4-5404-a86e-ec8626ee4c95,Volharding,Zorgzaamheid,0.5815239893083936,0.4957669581973921,-0.08575703111100147,0.03591918682848793,0.07183837365697586
7142,c22e1828-5784-556c-a41b-541e88bbe819,Weloverwogen,Zelfonthulling,-0.014347335194093563,-0.10605265653327946,-0.0917053213391859,0.03852972896715416,0.07705945793430832
7147,0b8c4ad8-0c0a-58a8-9c41-6afa58400dc3,Weloverwogen,Zelfonthulling,-0.2201555711476042,-0.10605265653327946,0.11410291461432474,0.03852972896715416,0.07705945793430832
7153,eb695653-6a34-557a-aa9b-90a16a666a9b,Weloverwogen,Zelfontwikkeling,0.31112257881678296,0.42335533476112397,0.11223275594434101,0.039189580639809346,0.07837916127961869
7180,376aa464-a5f7-5aed-acd9-7dceb37ded9d,Weloverwogen,Zelfvertoon,-0.19039563149258537,-0.0585409386611682,0.13185469283141718,0.04924930205338383,0.09849860410676765
7183,283ab77f-98df-5946-aacd-c3bf20cc1bc4,Weloverwogen,Zelfvertoon,0.07376695446527312,-0.0585409386611682,-0.1323078931264413,0.04924930205338383,0.09849860410676765
7211,980717fa-cb0e-5995-a07f-d7eabf81f302,Weloverwogen,Zelfvertrouwen,0.48497157949655273,0.3803476985243968,-0.10462388097215591,0.03627642832288511,0.07255285664577021
7228,eb695653-6a34-557a-aa9b-90a16a666a9b,Weloverwogen,Zorgzaamheid,0.15323851407792716,0.24187674266435116,0.088638228586424,0.040258917204582134,0.08051783440916427
7266,61369f33-c11d-5d29-80ed-d751b8246cd1,Zelfonthulling,Zelfontwikkeling,0.1779056537622262,0.10054285005277133,-0.07736280370945486,0.03321860269119928,0.06643720538239856
7267,c22e1828-5784-556c-a41b-541e88bbe819,Zelfonthulling,Zelfontwikkeling,-0.003859192080891632,0.10054285005277133,0.10440204213366297,0.03321860269119928,0.06643720538239856
7289,7080eb17-4d6c-516c-9cb2-70c2cfb220e8,Zelfonthulling,Zelfvertoon,0.24336178284250337,0.30760197262278854,0.06424018978028517,0.029816637260147653,0.05963327452029531
7297,0b8c4ad8-0c0a-58a8-9c41-6afa58400dc3,Zelfonthulling,Zelfvertoon,0.21719917497368635,0.30760197262278854,0.0904027976491022,0.029816637260147653,0.05963327452029531
7322,0b8c4ad8-0c0a-58a8-9c41-6afa58400dc3,Zelfonthulling,Zelfvertrouwen,0.24340308848999,0.35329408061607254,0.10989099212608253,0.03494002315873581,0.06988004631747162
7342,c22e1828-5784-556c-a41b-541e88bbe819,Zelfonthulling,Zorgzaamheid,0.21088322498206724,0.32894289224756995,0.11805966726550271,0.042122819902865295,0.08424563980573059
7347,0b8c4ad8-0c0a-58a8-9c41-6afa58400dc3,Zelfonthulling,Zorgzaamheid,0.2033560169560003,0.32894289224756995,0.12558687529156964,0.042122819902865295,0.08424563980573059
7351,a5bc65f4-cbe4-5303-9ac4-0a97089e3ec2,Zelfontwikkeling,Zelfvertoon,0.09101499703234557,0.019611613513818422,-0.07140338351852715,0.03369266634474772,0.06738533268949544
7354,24e2d531-6fab-5f5b-9282-a488302c6547,Zelfontwikkeling,Zelfvertoon,0.09101499703234558,0.019611613513818422,-0.07140338351852717,0.03369266634474772,0.06738533268949544
7373,230154a9-def4-5404-a86e-ec8626ee4c95,Zelfontwikkeling,Zelfvertoon,0.09101499703234557,0.019611613513818422,-0.07140338351852715,0.03369266634474772,0.06738533268949544
7385,645025be-9089-5afa-a2e1-5b77a6593f13,Zelfontwikkeling,Zelfvertrouwen,0.4093243856682653,0.3149219334626031,-0.09440245220566218,0.03077268031699006,0.06154536063398012
7403,eb695653-6a34-557a-aa9b-90a16a666a9b,Zelfontwikkeling,Zorgzaamheid,0.24829293880241873,0.3524004814607057,0.10410754265828695,0.03989134820891022,0.07978269641782045
7404,24e2d531-6fab-5f5b-9282-a488302c6547,Zelfontwikkeling,Zorgzaamheid,0.43913210565391975,0.3524004814607057,-0.08673162419321406,0.03989134820891022,0.07978269641782045
7423,230154a9-def4-5404-a86e-ec8626ee4c95,Zelfontwikkeling,Zorgzaamheid,0.43913210565391975,0.3524004814607057,-0.08673162419321406,0.03989134820891022,0.07978269641782045
7436,980717fa-cb0e-5995-a07f-d7eabf81f302,Zelfvertoon,Zelfvertrouwen,0.436800560611765,0.5070925528371099,0.07029199222534488,0.030732194626034423,0.061464389252068846
7445,54607c72-f7f0-5106-874f-ff352975ea48,Zelfvertoon,Zelfvertrouwen,0.5787845445454652,0.5070925528371099,-0.07169199170835538,0.030732194626034423,0.061464389252068846
7457,6d5cecd8-e3c3-524b-88b3-ed62a8d52f88,Zelfvertoon,Zorgzaamheid,0.44886957629511415,0.3904368641430901,-0.05843271215202406,0.02694942454173929,0.05389884908347858
7472,0b8c4ad8-0c0a-58a8-9c41-6afa58400dc3,Zelfvertoon,Zorgzaamheid,0.33275708529006853,0.3904368641430901,0.05767977885302156,0.02694942454173929,0.05389884908347858
7485,645025be-9089-5afa-a2e1-5b77a6593f13,Zelfvertrouwen,Zorgzaamheid,0.5524031036082382,0.39747515857885896,-0.15492794502937923,0.049890683133794356,0.09978136626758871
7495,54607c72-f7f0-5106-874f-ff352975ea48,Zelfvertrouwen,Zorgzaamheid,0.5164384097795611,0.39747515857885896,-0.11896325120070217,0.049890683133794356,0.09978136626758871
